Ward,Name,opening_hour,Opening time,Post_code,Address,latitude,longitude
Barking and Dagenham,Barking Learning Centre,62,"Monday to Thursday, 9am to 7pm, Friday and Saturday, 9am to 5pm, Sunday, 10am to 4pm",IG11 7NB,"2 Town Square, Barking, IG11 7NB.",51.5365698,0.0800505
,Castle Point,14,"Monday, 10am to 2pm, Tuesday, 10 am 12pm, Wednesday, 10am to 3pm, Thursday, 12pm to 3pm",RM8 3YJ,"163 Bennett's Castle Lane, Dagenham, RM8 3YJ",51.5543586,0.1265019
,DABD Parsloes Avenue Annex site,15,"Tuesday, Wednesday and Thursday from 10am to 3pm",RM9 5NU,"42-48 Parsloes Avenue, Dagenham, RM9 5NU",51.5443334,0.1446826
,Dagenham Library,44,"Monday to Thursday, 10am to 6pm Friday and Saturday, 10am to 4pm",RM10 9QS,"1 Church Elm Lane, Dagenham, RM10 9QS.",51.5400707,0.1496017
,Heath Community Hub (William Bellamy),10,"Monday and Wednesday, 10am to 3pm",RM10 7HX,"Frizlands Lane, Dagenham, RM10 7HX",51.5582265,0.1545405
,London Riverside Church (Side Entrance),2,"Every Thursday in December (apart from 29 December), January and February, 11am to 1pm",RM9 5PT,"Parsloes Ave, Dagenham RM9 5PT",51.5455584,0.1401393
,Marks Gate Community Hub,30,"Monday to Friday, 10am to 4pm",RM6 5NJ,"Marks Gate Community Centre, Rose Lane, Marks Gate, RM6 5NJ.",51.5854112,0.1358767
,Northbury Community Hub,70,"Monday to Sunday, 9am to 7pm",IG11 8PY,"Al Madina Mosque, 1st floor, The Hive, 2 Victoria Road, Barking, IG11 8PY",51.5439097,0.0757533
,Park Centre,30,"Monday, Tuesday and Friday (Main Hall),  10am - 4pm, Wednesday & Thursday (Activity Room), 10am to 4pm",RM10 9SA,"Rectory Road Dagenham, RM10 9SA",51.5390699,0.1541547
,Robert Jeyes Library,22,"Monday to Thursday, 10:30am to 4pm",RM6 6AS,"Chadwell Heath Community Centre, High Road Chadwell Heath, RM6 6AS",51.5726285,0.1429982
,Thames Community Hub,30,"Monday to Friday, 10am to 4pm",IG11 0LG,"Bastable Avenue, Barking, IG11 0LG",51.5279414,0.1038611
,Valence Library,29,"Monday to Thursday, 10am to 4pm Saturday,  10am to 3pm ",RM8 3HT,"Becontree Avenue, Dagenham, RM8 3HT",51.558311,0.1341738
,Village Community Hub,30,"Monday to Friday, 10am to 4pm",RM10 9XW,"215 Wellington Drive, Dagenham, RM10 9XW.",51.5352953,0.1676895
Barnet,All Saints' Church - Child's Hill,8,Wed and Thur 10 to 14,NW2 2TJ,"All Saints' Church Child's Hill, Church Walk, London, NW2 2TJ",51.561232,-0.1987031
,Ann Owens Centre - Age UK,2,Mon 2 to 4,N2 8LT,"Ann Owens Centre, Oak Lane, East Finchley, N2 8LT",51.5968034,-0.174108
,artsdepot,58,"Sunday 10:00 to 16:00, Monday 8:30 to 17:30, Tuesday 8:30 to 17:30, Wednesday 8:30 to 17:30, Thursday 8:30 to 17:30, Friday 8:30 to 17:30, Saturday 10:00 to 17:00",N12 0GA,"5 Nether Street, Tally Ho Corner, North Finchley, London, N12 0GA",51.6128145,-0.1767298
,Child's Hill Library - Kisharon,18,"Sunday 14:00 to 17:00, Monday 10:00 to 13:00, Tuesday 10:00 to 13:00, Wednesday 14:00 to 20:00, Thursday 14:00 to 17:00",NW2 2QE,"320 Cricklewood Lane, London, NW2 2QE",51.56214,-0.2010333
,Chipping Barnet library,73,,EN5 4QT,"3 Stapylton Road, Barnet, EN5 4QT",51.6561488,-0.2047731
,Colindale Communities Trust,28,,NW9 5XA,"The Old Library, The Concourse, NW9 5XA",51.6024344,-0.2449709
,Colindale library,97,,NW9 4BR,"7 Bristol Avenue, Colindale, NW9 4BR",51.597571,-0.2456638
,Copthall Leisure Centre,6,,NW4 1PX,"Champions Way, Hendon, London, NW4 1PX",51.6046375,-0.2252321
,Edgware Community Hospital,6,,HA8 0AD,"Burnt Oak Broadway, Edgware, London, HA8 0AD",51.6064756,-0.2712717
,Finchley Church End library,23.5,,N3 2LN,"318 Regents Park Rd, London, N3 2LN",51.6002241,-0.1946914
,Finchley Memorial Hospital,3,,N12 0JE,"Granville Road, London, N12 0JE",51.6054571,-0.1766202
,Friern Barnet Community Library,30,,N113DS,"Friern Barnet Road, London, N113DS",51.6135386,-0.1534463
,Grahame Park Medical Centre,6,,NW9 5XT,"The Concourse, London, NW9 5XT",51.6013456,-0.2442186
,Grange Big Local,3,,N2 0TH,"Holy Trinity Church, 77 Church Lane, N2 0TH",51.5917876,-0.1748144
,Hendon Salvation Army,3,,NW4 4AE,"1 - 5 Brampton Grove, Hendon, London, NW4 4AE",51.5873111,-0.2235688
,Hope Corner Community Centre,22.5,,EN5 2DY,"Hope Corner Community Centre, 185 Mays Lane, Barnet, London, EN5 2DY",51.6458071,-0.2023776
,Islamic Association of North London,6,,N12 0DA,"683-685 High Road, Finchley, N12 0DA",51.6114643,-0.1760617
,Jim's Community Cafe,4,,EN4 8RN,"71 East Barnet Road, St James' Church, New Barnet, EN4 8RN",51.6498864,-0.1713108
,Living Way Ministries,25,,NW9 5XB,"7 The Concourse, London, NW9 5XB",51.6023406,-0.2444548
,Middlesex University,42.5,,NW4 4BT,"Rickett Quadrangle, College Building, Middlesex University, The Burroughs, London, NW4 4BT",51.5898297,-0.2289707
,North Finchley library,15.5,,N12 9HP," Ravensdale Ave,, London, N12 9HP",51.6185189,-0.1746232
,Oakleigh Community Church,2,,N20 0UG,"168-170 Oakleigh Road, North Whetstone, London, N20 0UG",51.6279408,-0.1629609
,OneStonegrove Centre,50,,HA8 8BN,"5 Hayling Way, Edgware, HA8 8BN",51.6222426,-0.2874736
,Osidge library,68,,N11 1EY,"Brunswick Park Rd, London, N11 1EY",51.6292445,-0.1492108
,Personal Improvement Limited,30,,HA8 8NP,"Chartwell House, 292-294 Hale Lane, Edgware, HA8 8NP",51.6165374,-0.2749049
,Romanian Culture and Charity Together Burnt Oak,42,,HA8 0LN,"102a Watling Avenue, HA8 0LN",51.6029411,-0.2627129
,St Margaret's Church - Age UK,1.5,,HA8 7JE,"St Margaret's Church, 1 Station Road, Edgware, HA8 7JE",51.611828,-0.2781454
,St Margaret's URC Church - Age UK,2,,N3 1BD,"St Margaret's URC Church, Victoria Avenue, Finchley Central, N3 1BD",51.600449,-0.1970362
,St Paul's Church Centre,2.5,,N3 2PU,"50 Long Lane, Finchley, London, N3 2PU",51.6035535,-0.1872525
,St Peter's Church,3.5,,N10 1AQ,"St Peter's Church, Albion Avenue, Friern Barnet, N10 1AQ",51.6019688,-0.1490927
,The Mount International School - Age UK,2,,NW7 2RX,"The Mount International School, Milespit Hill, Mill Hill, NW7 2RX",51.6154282,-0.2252301
,West Hendon Centre - Age UK,1.5,,NW9 7EU,"West Hendon Centre, Gadsbury Close, Goldsmith Avenue, West Hendon, London, NW9 7EU",51.5813604,-0.2464325
Bexley,Central Library,41,,DA6 7HJ,"Townley Road, ZipBexleyheath DA6 7HJ",51.4559954,0.143749
,Crayford Library,33,,DA1 4FN,"176 Town Hall Square, ZipCrayford DA1 4FN",51.4502014,0.1804525
,Erith Library,32.5,,DA8 1SL,"100 Erith High Street, ZipErith DA8 1SL",51.4794297,0.1813568
,Sidcup Library,33.5,,DA14 6DS,"Sidcup Storyteller, 106 Sidcup High Street, ZipSidcup DA14 6DS",51.4262098,0.1021049
,Thamesmead Library,33,,SE2 9FA,"Thamesmead Library, The Nest, 3 Cygnet Square, ZipThamesmead SE2 9FA",51.4976695,0.12294
,Welling Library,31.5,,DA16 3PA,"Bellegrove Road, ZipWelling DA16 3PA",51.4624482,0.1067788
,Christ Church,2,Thursday 10am to 12pm,DA6 7BT,"Christ Church, Bexleyheath Broadway, Bexleyheath, DA6 7BT",51.4573672,0.1405312
,Christ Church,4,Monday 9am to 1pm,DA14 6NJ,"Christ Church, Sidcup, Main Road, Bexley, DA14 6NJ",51.4268791,0.0973741
,St Augustine,3,Tuesday 11am to 2pm,DA8 2HX,"St Augustine, Slade Green ,Slade Green Road, Slade Green, DA8 2HX",51.4722999,0.1860997
,St John the Evangelist Church,11,,DA14 6BX,"St John the Evangelist Church, Church Road, Sidcup DA14 6BX",51.4246607,0.1047382
,St Paulinus,3,Saturday 9.30am to 12.30pm,DA1 4RL,"St Paulinus, Crayford, Perry Street, Crayford, DA1 4RL",51.4553987,0.1756478
,The Exchange,11,Thursday 11am to 7pm and Saturday 11am to 2pm.,DA8 1RS,"The Exchange, The Old Library, Walnut Tree Rd, Erith DA8 1RS",UNKNOWN,UNKNOWN
,The Holy Redeemer,6,"Tuesday 2 to 4pm (hot drinks, snacks, knit, natter and crochet), Wednesday 1pm to 3pm (hot drinks, cake, chat and art activities. Free WiFi and phone charging) and Friday 9am to 11am.",DA15 8JR,"The Holy Redeemer, Sidcup, 64 Days Lane, Sidcup, DA15 8JR",51.4435342,0.0898051
,Holy Trinity,28,Daily from 10am to 2pm.,DA15 9AE,"Holy Trinity, Lamorbey, Sidcup, Corner of Hurst Road & Half Way Street, Sidcup, DA15 9AE",51.4350499,0.1056042
,Blackfen Community Library,35.5,Tuesday to Friday 9.30am to 5pm and Saturday 9.30am to 3pm.,DA15 9LU,"Blackfen Community Library, 7 - 9 Blackfen Parade, Blackfen DA15 9LU",51.4502641,0.1042028
,Welling Salvation Army,4,Fridays 10am to 2pm,DA161TJ,"Welling Salvation Army, 124 Welling High Street, Welling, DA161TJ",51.462182,0.1085805
,New Community Church,2.5,Wednesdays 9:30am to 12pm,DA157DU,"New Community Church, 24 Station Road, Sidcup, DA157DU",51.4314627,0.1025475
,United Reformed Church,8,"every Monday, Wednesday and Friday 10am to 12 midday at the United Reformed Church and Thursday 10am to midday in the Hall.",DA6 7DJ,"United Reformed Church, Geddes Place, Bexleyheath, DA6 7DJ",51.4569534,0.146932
,The Salvation Army,12,"We invite you to our Warm Welcome Space open every Tuesday, Thursday and Friday between 10am and 2pm.",DA6 8NR,"The Salvation Army, Lion Road, Bexleyheath, DA6 8NR",51.4571129,0.1357402
Brent,St Laurence's Larder and Open Kitchen,7,,NW6 7BJ ,"Christ Church, Christchurch Avenue, London NW6 7BJ",51.5437138,-0.2109755
,Ealing Road Library,49,,HA0 4BA,"Coronet Parade, Ealing Road, Wembley, HA0 4BA",51.5492544,-0.2974849
,Harlesden Library,49,,NW10 8SE,"Craven Park Road, Harlesden, NW10 8SE",51.5380968,-0.2499415
,Kilburn library,49,,NW6 6NN,"42 Salusbury Road, Kilburn, NW6 6NN",51.5355284,-0.2055288
,Kingsbury library,49,,NW9 9HE,"Kingsbury Library, 522-524, Kingsbury Road, London",51.5860224,-0.2764507
,Wembley library,59,,HA9 0FJ,"Brent Civic Centre, Engineers Way, Wembley HA9 0FJ",51.5590414,-0.2816834
,The Library at Willesden Green,59,,NW10 2SF,"95 High Road, Willesden, NW10 2SF",51.5466482,-0.2289461
,Brent Hubs,14,,NW6 5GG,"Hornbill House, 2 Rudolph Rd, North Maida Vale, London NW6 5GG",51.5332115,-0.1926891
,Brent Hubs,14,,NW10 0TY,"65, The living room Next, 80 Besant Way, London NW10 0TY",51.5518381,-0.2651508
,Brent Hub Community Enterprise Centre,56,,NW10 8BN,"6 Hillside, London NW10 8BN",51.541508,-0.2610468
Bromley,"Anerley Town Hall, Crystal Palace Community Trust (over 55s)",37.5,,SE20 8BD,Anerley Town Hall,51.4121154,-0.0675267
,Beckenham Library,41.5,,BR3 4PE,Beckenham Road,51.4086307,-0.0369595
,Biggin Hill Library,67,,TN16 3LB,"Church Road, Biggin Hill",51.3123573,0.0365289
,Bromley Central Library,55,,BR1 1EX,Bromley High Street,51.4037654,0.0144484
,Bromley Common Baptist Church,1.5,,BR2 8PE,Gravel Road,51.3741864,0.0430938
,Bromley Salvation Army,16,,BR1 1HU,Ethelbert Road,51.4020953,0.0148207
,Bromley United Reformed Church,4,,BR1 1RY,20 Widmore Rd,51.405764,0.0169374
,Brook Lane Community Church (BLCChurch),36.5,,BR1 4PX,27-29 Brook Lane Bromley,51.4197934,0.0148079
,Burnt Ash Library,19.5,,BR1 5AF,Burnt Ash Lane,51.4205127,0.0210818
,Chelsfield Community Cafe at Chelsfield Village Hall,1,,BR6 7RL,Bucks Cross Road,51.3575234,0.1283897
,Chislehurst Library,39.5,,BR7 6DA,Red Hill,51.4212175,0.0626953
,Christ Central Church,34,,SE20 7JA,Green Lane,51.4147527,-0.0503019
,"Christ Church, Orpington",25.5,,BR6 9EP,Charterhouse Road,51.3640975,0.1049912
,Coney Hall Baptist Church,3,,BR4 9BU,"Coney Hill Road,",51.3719231,0.003352
,Crofton Baptist Church,35,,BR51HD,100 Crofton Lane,51.378743,0.0790351
,Emmanuel United Reformed Church,8,,BR4 9JS,"The Grove,",51.3744969,-0.0173701
,Geffery's Hall (CEYP),6,,SE9 4TA,27 Nunnington Close,51.4320845,0.0481361
,"Green Bird Cafe, St John's Church",7,,BR3 3JN,251 Eden Park,51.3935878,-0.0269089
,Green Street Green Baptist Church 'Warm Welcome Space',4,,BR6 6AA,1 Worlds End lane,51.3520421,0.0901916
,Hayes Library,23.5,,BR2 7LH,Hayes Street,51.3781314,0.0173175
,Holy Innocents (Cafe Joseph),11,,BR6 9UE,"Strickland Way,",51.3642388,0.0910774
,Hope Church Orpington,3,,BR6 0TW,Units 7 to 9 The Walnuts,51.3769721,0.1016733
,Melvin Hall,64,,SE20 8EU,"Melvin Road,",51.4110377,-0.0578225
,Mottingham Library,39.5,,SE9 4QZ,31 Mottingham Road,51.4369794,0.0443695
,Oak Community Church,8,,BR5 2LJ,345 Chipperfield Road,51.3956719,0.1074898
,"Orpington Baptist Church and ""The Lounge """,12,,BR6 0RZ,"Station Road,",51.3725391,0.0946166
,Orpington Library,51,,BR6 0TW,The Walnuts,51.3769721,0.1016733
,"Parish Church of St Mary, Shortlands",2,,BR2 0HG,"Church House, 39 Kingswood Road",51.4019677,0.0018036
,Penge East Community Centre,24,,SE20 7BE,"Penge East Railway Station Carpark, Station Road",51.4194939,-0.0558388
,Penge Library,49,,SE20 7JX,46 Green Lane,51.414454,-0.0501852
,Petts Wood Library,39.5,,BR5 1BP,Frankswood Avenue,51.3894743,0.0692302
,Queen Adelaide Community Centre,84,,SE20 7EA,"Queen Adelaide Court, Queen Adelaide Road,",51.4176622,-0.053299
,Shortlands Library,39.5,,BR2 0JP,110 Shortlands Road,51.4003175,-0.0058449
,Southborough Library,36,,BR2 8AP,"Southborough Lane, Bromley",51.3902566,0.0451608
,"St Augustine's Church, BR2",1.5,,BR2 8AT,Southborough Lane,51.3902757,0.0512704
,St Edwards Mottingham,61,,SE9 4AQ,St Keverne Road,51.4264276,0.0481564
,St Francis of Assisi Church,15.5,,BR4 0PW,Ravenswood Avenue,51.3781004,-0.016151
,St Hugh's Community Centre,81,,SE20 8PL,"42 Castledine Road,",51.4144686,-0.0657161
,St Johns Church Penge Lunchtime Club,2.5,,SE20 7EQ,2 St Johns Road,51.416919,-0.0551139
,"St Nicholas Church, Orpington",1,,BR6 9QB,"Leamington Avenue,",51.3652328,0.0847585
,St Paul's Cray Library,39.5,,BR5 2RW,"Mickleham Road, St Paul's Cray",51.4050481,0.0996677
,"St Paul's Crofton, Elderberry Café",2.5,,BR6 8JE,"Parish Church of St Paul's, Crofton Road,",51.3729111,0.0681096
,"St. George's Church, Beckenham",25.5,,BR3 1HX,"High Street,",51.4091501,-0.0320051
,Turpington Lane Community Centre,4,,BR2 8JX,"Turpington Lane,",51.3859523,0.0423962
,"Unity Church, Orpington",7,,BR5 4NH,"Rye Crescent,",51.3755056,0.120674
,"Well Community Cafe, Living Well, Holy Trinity Church",9,,SE20 7LX,66 Lennard Road,51.4188897,-0.0497807
,West Wickham & Shirley Baptist Church,21,,CR0 8EH,Wickham Road,51.3776639,-0.0270476
,West Wickham Library,23.5,,BR4 0SH,"Glebe Way, West Wickham",51.3750907,-0.0099315
,West Wickham Methodist Church,3.5,,BR4 9AA,Hawes Lane (corner of Linden Leas),51.376082,-0.0069127
Camden,Belsize Community Library,24,,NW3 4XN,"Belsize Community Library, Antrim Road, London",51.5477316,-0.1619965
,Camden Town library,44,,NW1 1BD,"Camden Town Library, 218 Eversholt Street",51.5342475,-0.1377685
,Highgate library,29,,N19 5DH,"Highgate Library, Chester Road",51.5633907,-0.1450616
,Holborn library,49,,WC1X 8PA,"Holborn Library, 32-38 Theobalds Road",51.5211802,-0.1157284
,Kentish Town Library,49,,NW5 2AA,"Kentish Town Library, 262- 266 Kentish Town Road",51.5501009,-0.1405828
,Kilburn library,49,,NW6 5UH,"Kilburn Library,12-22 Kilburn High Road",51.5363867,-0.1911457
,Pancras Square library,78,,N1C 4AG,"Pancras Square Library, 5 Pancras Square",51.5329213,-0.1250768
,Queens Crescent library,41,,NW5 4HH,"Queens Crescent Library, 165 Queen's Crescent",51.5504845,-0.1511975
,Swiss Cottage library,54,,NW3 3HA,"Swiss Cottage Library, 88 Avenue Road",51.5424072,-0.1733032
,The British Library,61,,NW1 2DB,"The British Library, 96 Euston Road, London",51.5299847,-0.1270141
,West Hampstead library,41,,NW6 1AU,"West Hampstead Library, Dennington Park Road",51.5503144,-0.191634
,Agar Childrens Centre,50,,NW1 9SU,"Lulworth, Wrotham Road, London",51.541891,-0.1332311
,Harmood Childrens Centre,50,,NW1 8DQ,"1, Forge Place, London",51.5453436,-0.1485215
,Kilburn Grange Childrens Centre,50,,NW6 2JL,"1, Palmerston Road, London",51.5447565,-0.198027
,Regent's Park Children's Centre,50,,NW1 3TJ,"Augustus Street, London",51.5307547,-0.141501
,Kentish Town Sports Centre,94,,NW5 3DU,"Grafton Rd, London",51.5474592,-0.1446857
,Oasis Sports Centre,94.5,,WC2H 9AG,"32 Endell St, London",51.5149629,-0.1250505
,Pancras Square Leisure,97.5,,N1C 4AG,"5 Pancras Sq, London",51.5329213,-0.1250768
,Swiss Cottage Leisure Centre,97.5,,NW3 3NF,"4a Adelaide Rd, London",51.5424939,-0.1725188
,Talacre Community Sports Centre,85,,NW5 3LN,"Dalby St, London",51.5469131,-0.1471165
,Bengali Workers Association,37.5,,NW1 3JU ,"The Surma Community Centre, 1 Robert Street, NW1 3JU",51.5283116,-0.1388468
,Bourne Estate Tenant Residents Association,22.5,,EC1N 7AA,"Allen Hall, Unit 1 Dobson Court, Bourne Estate, EC1N 7AA",51.5206881,-0.1114099
,British Somali Community Centre,5.5,,NW1 1TU,"7-9 Crowndale Road, NW1 1TU",51.5350685,-0.1339716
,Castlehaven Community Association,40,,NW1 8RU,"23 Castlehaven Road, NW1 8RU",51.5427734,-0.1452079
,Community Association for West Hampstead,8,,NW6 1QN,"17 Dornfell Street, NW6 1QN",51.5510074,-0.199857
,Fitzrovia Community Centre,2,,W1W 6DL,2 Foley Street W1W 6DL,51.5202603,-0.1386562
,Holborn Community Association - Holborn House Community Centre,81,,WC1N 3QW,"35 Emerald Street, WC1N 3QW",51.5215397,-0.118092
,Holborn Community Association - Millman Street Community Centre,35,,WC1N 3EW,"50 Millman Street, WC1N 3EW",51.5230794,-0.1175239
,JW3,33,,NW3 6ET,"341-351 Finchley Road, NW3 6ET",51.5511981,-0.1848053
,Kentish Town City Farm,56,,NW5 4BN,"1 Cressfield Close, NW5 4BN",51.5521967,-0.148575
,Kentish Town Community Centre,15,,NW5 2SP ,"17 Busby Place, NW5 2SP ",51.5482906,-0.1324787
,King's Cross Brunswick Neighbourhood Association (KCBNA) - Chadswell Healthy Living Centre,2,,WC1H 8JF,"Chadswell Healthy Living Centre, Harrison Street, WC1H 8JF",51.5275618,-0.1205828
,King's Cross Brunswick Neighbourhood Association (KCBNA) - The Marchmont Centre,42,,WC1N 1AB,"62 Marchmont Street, WC1N 1AB",51.5253871,-0.1251701
,Lauderdale House,8,,N6 5HG,"Waterlow Park, N6 5HG",51.5692991,-0.1433782
,London Irish Centre,40,,NW1 9XB,"50-52 Camden Square, NW1 9XB",51.5437547,-0.1322462
,N1C Centre - Somali Youth Development Resource Centre,34,,N1C 4BQ,"Plimsoll building, N1C 4BQ",51.5376609,-0.1273623
,Netherwood Youth and Family Hub,16,,NW6 2QU ,"5 Netherwood Street, NW6 2QU ",51.5452144,-0.2009077
,Old Diorama Arts Centre,69,,NW1 3FE,"201 Drummond Street, NW1 3FE",51.5260588,-0.1392536
,Primrose Hill Community Centre,4,,NW1 8TN,"29 Hopkinson's Place, NW1 8TN",51.5397832,-0.1551787
,Queens Crescent Community Association,40,,NW5 4QE,"45 Ashdown Crescent, NW5 4QE",51.5502399,-0.1516546
,Sidings Community Centre,6,,NW6 2BA,"16 Brassey Road, NW6 2BA",51.5493562,-0.2000809
,Somers Town Community Association,40,,NW1 1DF,"2 Ossulston Street, NW1 1DF",51.5314142,-0.1296682
,Somers Town Youth Centre,9,,NW1 1RX ,"134 Chalton Street, NW1 1RX ",51.5327774,-0.1329695
,St George the Martyr Church,12,,WC1N 3AH,"44 Queen Square, WC1N 3AH",51.5209456,-0.122412
,St Pancras Community Association,8,,NW1 OLB,"67 Plender Street, NW1 OLB",51.5306872,-0.146932
,South Hampstead and Kilburn Partnership (SHAK) - The ARC Youth Club,24,,NW8 0SW ,"Alexandra Resource Centre, Opposite 109 Rowley Way, NW8 0SW",51.5404978,-0.1819432
,South Hampstead and Kilburn Partnership (SHAK) - Shell Centre 1,24,,NW8 0HS,"Shell 1 - Linnell House, Boundary Road, NW8 0HS",51.539149,-0.1825305
,South Hampstead and Kilburn Partnership (SHAK) - Shell Centre 2,24,,NW8 0HU,"Shell 2 - Fielding House, Boundary Road, NW8 0HU",51.5388124,-0.183438
,The Francis Crick Institute,28,,NW1 1AT,"1 Midland Road, NW1 1AT",51.5318535,-0.1280331
,The O2 Centre,2,,NW3 6LU,"The Venue Hall (located on level 2), 255 Finchley Road, NW3 6LU",51.5479446,-0.18143
,The Pirate Castle,32.5,,NW1 7EA,"Gilbey's Wharf, Oval Road, NW1 7EA",51.5388269,-0.1475603
,Third Age Project ,30,,NW1 3RH,"Cumberland Market, Regent's Park, NW1 3RH",51.5293299,-0.1418185
City of London,Barbican Library,50.5,,EC2Y 8DS,"Barbican Library, Barbican Centre London, England, EC2Y 8DS, United Kingdom",51.5199589,-0.0941286
,Shoe Lane Library,41,,EC4A 3JR,1 Hill House Little New Street,51.5154395,-0.1065825
,Artizan Street Library,49,,E1 7AF,"1 Artizan St, London",51.5156145,-0.0768729
Croydon,Ashburton Hall & Park - Cafe,4,"Tuesday and Thursday 12noon to 2pm, The cafe will be closed from 19 December to 2 January 2023",SE25 4SP,"Woodside Baptise Church, Spring Lane, London, SE25 4SP.",51.3883448,-0.0651795
,Ashburton Library,32,"Monday, Tuesday and Thursday 10am to 6pm, Saturday 9am to 5pm",CR9 7AL,"Shirley Road, London, CR9 7AL.",51.3829059,-0.0631095
,Bradmore Green Library,16,Tuesday and Friday 10am to 6pm,CR5 1PE,"Bradmore Way, Coulsdon, CR5 1PE.",51.3085337,-0.1265755
,Broad Green Library,16,Monday and Thursday 10am to 6pm,CR0 3HH,"Canterbury Road, London, CR0 3HH.",51.3853787,-0.1171584
,Central Library,40,"Monday, Tuesday, Wednesday, Friday 10am to 6pm",CR9 1ET,"Katharine Street, London, CR9 1ET.",51.3721242,-0.099083
,"Coffee, Craft & Chatter at All Saints Church, Kenley",2,Wednesday 10am to 12 noon,CR8 5DW,"Church Road, London, CR8 5DW.",51.3218303,-0.0984493
,Coulsdon Library,24,"Monday and Thursday 10am to 6pm, Saturday 9am to 5pm",CR5 2NH,"Brighton Road, Coulsdon, CR5 2NH.",51.3200039,-0.1386943
,Emmanuel Community Centre,8,Friday 8.45am to 5pm,CR2 7AQ,"Rockhampton Road, London, CR2 7AQ.",51.3566085,-0.0903451
,His Grace Evangelical Outreach Church,5,"Tuesday 12 noon to 2pm, Thursday 3pm to 6pm",CR7 8JF,"His Grace Evangelical Outreach, 80-82 Beaulah Road, Croydon, CR7 8JF.",51.4039493,-0.0999333
,Matthews Yard,16,,CR0 1UF,"North End 166, London, CR0 1UF.",51.3782649,-0.1026352
,MHA Communities South London,2,,CR0 2RF,"West Croydon Methodist Church, London Road, Croydon, CR0 2RF.",51.3796812,-0.1045741
,MHA The Wilderness,3,,CR9 5AL,"Shirley Church Road, London, CR9 5AL.",51.3713916,-0.0525899
,New Addington Baptist Church,7,,CR0 0EE,"New Addington Baptist Church, Arnhem Drive, Croydon, CR0 0EE.",51.3391551,-0.0078401
,New Addington Library,24,,CR0 0JD,"Central Parade, New Addington, CR0 0JD.",51.3410328,-0.0140906
,Norbury Library,24,,SW16 4UW,"Beatrice Avenue, London, SW16 4UW.",51.4050835,-0.1228768
,Oasis Academy Shirley Park,12,,CR9 7AL,"Shirley Road, Croydon, CR9 7AL.",51.3829059,-0.0631095
,Old Coulsdon Congregational Church,8,,CR5 2LG,"Coulsdon Road 1, London, CR5 2LG.",51.3209369,-0.1272757
,Palace For Life Foundation,4,,SE25 6PU,"Selhurst Park, London, se25 6pu.",51.397894,-0.0859234
,Phoenix Community Centre,16,,SE19 3AB,"Phoenix Community Centre, Westow Street, London, SE19 3AB.",51.4167948,-0.0825021
,Purley Library,16,,CR8 3YH,"Banstead Road, London, CR8 3YH.",51.3391447,-0.1186946
,Purley United Reform Church,7,,CR8 2LN,"Brighton Road 922, London, CR8 2LN.",51.3395548,-0.1156771
,"Quiz, Craft and Tea at Christ Church, Broad Green",3,,CR0 3LJ,"Sumner Road, London, CR0 3LJ.",51.3817631,-0.1109837
,Sanderstead Library,24,,CR2 0HQ,"Farm Fields, London, CR2 0HQ.",51.3412551,-0.0835745
,Selsdon Library,24,,CR2 8LA,"Addington Road 130, London, CR2 8LA",51.3423919,-0.0624776
,Shirley Library,16,,CR0 8BH,"Wickham Road, London, CR0 8BH.",51.3751387,-0.0448586
,South Norwood Community Kitchen,23,,SE25 4UF,"44b Portland Road, London, SE25 4UF.",51.3983017,-0.072393
,South Norwood Library,16,,SE25 5AA,"Lawrence Road, London, SE25 5AA.",51.3969105,-0.0774829
,St Alban the Martyr Church,2,,SE25 6RE,"1 Whitehorse Lane, London, SE25 6RE.",51.3978802,-0.0916887
,St Andrew's Roman Catholic Church,5,,CR7 7DA,"St. Andrew's Church Hall, Quadrant Road, London, CR7 7DA.",51.3982839,-0.1054872
,St Francis Monks Hill,3.5,,CR2 8HP,"107 Broadcoombe,, 107 Broadcoombe,, Croydon, CR2 8HP.",51.3528055,-0.0554175
,St George's Church Centre,3.5,,CR0 4EZ,"Barrow Road, London, CR0 4EZ.",51.3602424,-0.1125874
,St Mary the Blessed Virgin,6,,CR0 5AS,"Addington Village Road, London, CR0 5AS.",51.3586135,-0.0311125
,St Michael's Church,3,,CR0 1UA,"Poplar Walk, London, CR0 1UA.",51.3781127,-0.1015638
,St Mildred's Parish Church,2.5,,CR0 7EB,"St Mildred's Parish Church, 30 Bingham Road, Croydon, CR0 7EB.",51.3790613,-0.072095
,St Oswald's Parish Hall,4,,SW16 3SB,"St. Oswald's Road, London, SW16 3SB.",51.4129847,-0.1081295
,St Paul's United Reformed Church,3,,CR2 7AE,"St Paul's United Reformed Church, Croham Road, London, CR2 7AE.",51.35954,-0.089232
,St. Edward King and Confessor Church,6,,CR0 0DL,"St. Edward King and Confessor Church, Cleves Crescent, Croydon, CR0 0DL.",51.3385538,-0.0137384
,The Hub on the Hill at St Barnabas Church,1.5,,CR8 2HR,"Higher Drive 69, London, CR8 2HR.",51.3296797,-0.1178475
,"The Hub, Kenley Memorial Hall",1,,CR8 5AB,"Godstone Road 92, London, CR8 5AB.",51.3251469,-0.099446
,The Oval Tavern,72.5,,CR0 6BR,"Oval Road 131, London, CR0 6BR.",51.3781166,-0.0885304
,The Salvation Army,4,,CR0 1XY,"Booth Road, London, CR0 1XY.",51.3735823,-0.1072399
,Thornton Heath Library,24,,CR7 7JH,"Brigstock Road, London, CR7 7JH.",51.3972905,-0.1035588
,Torchlight Ministries,2,,SE25 6XX,"Brookhurst Court,, 190 Selhurst Road, South Norwood, London, SE25 6XX.",51.3967696,-0.0804071
,Waddon Leisure Centre,6,,CR0 4GD,"Waddon Leisure Centre, Purley Way, Croydon, CR0 4GD.",51.3635456,-0.1172384
,Heart and Soul Pop Up Cafe,2,,SW16 3SB,"St. Oswald's Road, London, SW16 3SB.",51.4129847,-0.1081295
,West Wickham and Shirley Baptist Church,8,,CR0 8EB,"Wickham Road, London, CR0 8EB.",51.3770479,-0.0278501
Ealing,Greenford Library,30,,UB6 9LG,"Greenford Library, Oldfield Lane South, Greenford, Middlesex UB6 9LG",51.5298099,-0.3552582
,Jubilee Gardens Health Centre,30,,UB1 2TJ,"Jubilee Gardens Health Centre, Jubilee Gardens, Southall UB1 2TJ",51.5210961,-0.3687611
,Ealing Central Library,51,,W5 5JY,"Ealing Central Library, Ealing Broadway Centre, Ealing W5 5JY",51.5125221,-0.3031637
,The Hub in the foyer at St. Pauls Ealing,2.5,,W13 9XW,"St Paul's Church, Ealing, Ridley Ave, London W13 9XW, UK",51.4999634,-0.3196514
,Northolt Leisure Centre,30,,UB5 4AB,"Northolt Leisure Centre, Eastcote Lane North, Northolt UB5 4AB",51.5491057,-0.3693172
,Northolt Library,48,,UB5 5AS,"Church Road, Northolt, Middlesex UB5 5AS",51.5392623,-0.3864537
,"Saint Joseph the Worker Parish Church, Northolt",6,,UB5 6JT,"Off Beauvais Terrace, Yeading Ln, Northolt UB5 6JT, UK",51.5347345,-0.3933184
,Asian Community Concern,56,,UB2 5PA,"Unit 2, Luther House, 30 Montague Waye, Southall UB2 5PA",51.4995392,-0.3854797
,Arya Samaj London,6,,W13 0LY,"Arya Samaj, Argyle Road, London W13 0LY, UK",51.5171782,-0.3230391
,Hanwell Community Library,27,,W7 3HL,"Hanwell Community Library Cherington Road, London W7 3HL",51.510225,-0.3355148
,Pitshanger Methodist Church,3,,W5 1QP,"Pitshanger Methodist Church, Pitshanger Lane, London W5 1QP, UK",51.5264908,-0.3127645
,Clementina Day Centre,8,,UB6 0PD,"All Hallows Church, 72 Horsenden Lane North, Greenford UB6 0PD, UK",51.5510623,-0.3338516
,Southall Library,51,,UB2 4BQ,"Dominion Centre and Library, 112 The Green, Southall, Middlesex UB2 4BQ",51.5024832,-0.3818168
,St John's Parish Centre,12,,UB2 4NT,"St John's Parish Centre, Guru Nanak Road, Southall",51.500553,-0.3774909
,Ealing Carers Hub,3,,W3 8PH,"Sycamore Lodge, Edgecote Close, London W3 8PH, UK",51.5066846,-0.2728752
,Acton Town Hall Library,48,,W3 6NE,"Acton Town Hall Library, Everyone Active Acton Centre, High Street, Acton W3 6NE",51.5062854,-0.2679023
,St Mary's Church,4,,W7 3QP,"St Mary's Church Hall, 62 Greenford Avenue",51.5137223,-0.3373617
,West Ealing Community Library,21,,W13 9BT,"Melbourne Ave, London W13 9BT",51.5087062,-0.3248345
,St Mary with St Richard Memory Cafe,2,,UB5 6AA,"St Marys C Of E Church, Northolt, UB5 6AA",51.5450266,-0.369564
,Umeed Wellbeing Hub,6,,UB1 1AT,"88 Lancaster Road, Southall UB1 1AT, UK",51.5152757,-0.3835254
,"St George's Church, Southall",4,,UB1 1NP,"St George's C of E Church, Southall, Lancaster Road, Southall UB1 1NP, UK",51.5138774,-0.3838487
,Southall Christian Fellowship,5,,UB2 4BL,"7 Osterley Park Rd, Southall UB2 4BL, UK",51.5032048,-0.3787223
,"St Mary's Church, Norwood Green",4,,UB2 4LQ,"Parish Church of Saint Mary the Virgin Norwood Green, Tentelow Lane, Southall UB2 4LQ, UK",51.4958722,-0.3654839
,Southall Baptist Church,6,,UB2 5DS,"Southall Baptist Church, Western Road, Southall UB2 5DS, UK",51.5009568,-0.384594
,Greenford Baptist Church,6,,UB6 9UA,"Greenford Baptist Church, Beechwood Avenue, Greenford UB6 9UA",51.5318436,-0.3637201
,UKIM West London Islamic Centre,4,,W13 0SQ,"West London Islamic Centre, Brownlow Road, West Ealing, London, West Ealing W13 0SQ, UK",51.5103179,-0.3262453
,Perivale Library,24,,UB6 7NT,"Perivale Community Hive, Horsenden Lane South, Perivale UB6 7NT ",51.5399325,-0.3239333
,St Barnabas Church Memory Café,1.5,,W5 1QG,"St Barnabas Church, Pitshanger Lane, London W5 1QG, UK",51.527018,-0.3081607
,A2Dominion Warm Hub and advice,4,,W13 9LA,"Lido Centre, Mattock Lane, London, W13 9LA",51.5101965,-0.3183814
,Nucleus,3.5,,W13 9LA,"Lido Centre, Mattock Lane, London, W13 9LA",51.5101965,-0.3183814
,Northfields Community Library,27,,W5 4UA ,"Northfields Community Library, Northfield Avenue, London W5 4UA ",51.498266,-0.3135332
,Mael Gael,30,,UB2 4LA,"Norwood Hall, Norwood Green Road, Southall UB2 4LA, UK",51.4950237,-0.3704266
,"Emmanuel Church, Southall",7,,UB1 3LP,"Emmanuel Church, Fleming Road, Southall UB1 3LP, UK",51.5180107,-0.3570814
,Voice of Women London Ltd,4,,UB1 2HE,"Christ The Redeemer C Of E Church, Allenby Road, Sunnycroft Road, Southall, UK",51.5268744,-0.3665508
,Education and Skills Development Group (ESDEG),5,,UB5 6HW,"Viking Community Centre, Radcliffe Way, Northolt UB5 6HW, UK",51.5330889,-0.3926554
,Somali Women's Empowerment & Organising Services,48,,UB2 5EQ,"32 Sussex Road, Southall UB2 5EQ, UK",51.5009325,-0.3887154
Enfield,Edmonton Green Library,56.5,,N9 0TN,"36-44 South Mall, Edmonton",51.623508,-0.0585002
,Enfield Town Library,62.5,,EN2 6AX,"66 Church Street, Enfield, EN2 6AX",51.6521418,-0.085452
,Ordnance Unity Centre Library,49.5,,EN3 6ND,"645 Hertford Road, Enfield, EN3 6ND",51.6720725,-0.0393438
,Palmers Green Library,49.5,,N13 4EY,"Broomfield Lane, Palmers Green, N13 4EY",51.6154113,-0.1102381
,Angel Raynham Library,19,,N18 2JQ,"Raynham Primary School, Raynham Avenue, London, N18 2JQ",51.613091,-0.0609958
,Bowes Road Library,24,,N11 1BD,"Bowes Road, London, N11 1BD",51.6154759,-0.1298377
,Bullsmoor Library,24,,EN1 4QS,"Kempe Road, Enfield, EN1 4QS",51.6768443,-0.048872
,Enfield Highway Library,36,,EN3 5JH,"Enfield Business Centre, 201 Hertford Road, Enfield, EN3 5JH",51.6590601,-0.0468745
,Enfield Island Village Library,20,,EN3 6GS,"Unit 44-46 Island Centre Way, Enfield, EN3 6GS",51.6685858,-0.0169922
,Fore Street Library,40,,N18 2XF,"109-111 Fore Street, Edmonton, N18 2XF",51.6125242,-0.0653386
,John Jackson Library,43,,EN1 1DW,"Agricola Place, Enfield, EN1 1DW",51.6458127,-0.0668848
,Millfield House Library,35,,N18 1PJ,"Millfield Arts Centre, Silver Street, Edmonton, N18 1PJ",51.6161994,-0.0783126
,Oakwood Library,53.5,,N14 4XA,"185-187 Bramley Road, N14 4XA",51.648836,-0.1291734
,Ponders End Library,43,,EN3 4EZ,"198-200 High Street, Ponders End, EN3 4EZ",51.6461779,-0.0471102
,Ridge Avenue Library,50,,N21 2RH,"Ridge Avenue, Winchmore Hill, N21 2RH",51.6357771,-0.0833378
,Southgate Library,45,,N14 6BP,"High Street, Southgate, N14 6BP",51.6307898,-0.1281387
,Winchmore Hill Library,35.5,,N21 3AP,"Green Lanes, Winchmore Hill, N21 3AP",51.6284062,-0.0984438
,Chicken Shed,4.5,,N14 4PE,"Bramley Sports Ground, 290 Chase Side, Southgate",51.6444333,-0.1452681
,Community Smiles,15,,EN3 7FN,"Vincent House, Nags Head Road, Ponders End",51.6486584,-0.0459484
,Daisybeats,1,,N9 7EN,"St Edmunds Church Hall, 115 Hertford Road, Lower Edmonton",51.629016,-0.0566034
,ECYPS,7.5,,N9 0UR,"The Ark, 500 Montagu Road, Lower Edmonton",51.6285101,-0.0440113
,Edmonton Islamic Centre,2,,N18 2SJ,"Raynham Road, Upper Edmonton",51.6136791,-0.0628484
,Enact,7.5,,EN3 6GS,"Enfield Island Village Youth Centre, 14-16 Island Centre Way, Enfield Lock",51.6685858,-0.0169922
,Enfield Caribbean Association,3,,N9 0BU,"Green Tower Community Centre, Plevna Road, Edmonton Green",51.6234651,-0.058083
,Exodus,6,,N9 7BA,"1 Croyland Youth Centre, Croyland Road, Lower Edmonton",51.6288224,-0.0601227
,Fore Street Pantry,2,,N9 0PN,"Edmonton Methodist Church, 300 Fore Street, Edmonton Green",51.6183046,-0.062507
,Ordnance Pantry,2,,EN3 6BW,"Ordnance Methodist Church, Ordnance Road, Enfield Lock",51.6716957,-0.0361638
,Phoenix Family Support Services,15,,N9 8LP,"229 Bounces Road, Lower Edmonton",51.6282234,-0.0462342
,Ponders End Food Hub,2,,EN3 4DG,"378 High Street, Ponders End",51.6500132,-0.0468442
,Rumi Mosque,2.5,,N9 0NU,"337 Fore Street, Lower Edmonton",51.6211227,-0.0621702
,St Demetrois Foodbank,2,,N9 0LP,"Corner of Logan Road, Town Road, Edmonton Green",51.6256856,-0.0515301
Greenwich,Abbey Wood Community Centre,48,,SE2 0YS,"Abbey Wood Community Centre 4 Knee Hill, Abbey Wood, London SE2 0YS",51.4893947,0.1210286
,Abbey Wood Library,32,,SE2 9PT,Eynsham Drive Abbey Wood SE2 9PT,51.4937543,0.1101668
,Armada Community Project,4,Thursday: 11am to 3pm,SE8 3EZ,Armada Court 21 McMillan Street SE8 3EZ,51.4817071,-0.0252681
,Barnfield Hub,84,Monday to Sunday 10am to 10pm,SE18 3BD,Barnfield Hub Herbert Place Plumstead SE18 3BD,51.4816258,0.0701584
,Black Female Entrepreneur Greenwich,54,,SE18 4DW,LALU Catering Restaurant 7 Leslie Smith Square Woolwich Common SE18 4DW,51.4805718,0.0626072
,Blackheath Library,52.5,"Monday: 10am to 7pm, Tuesday: 9am to 5:30pm, Wednesday: 9am to 5:30pm, Thursday: 9am to 7pm, Friday: 9am to 5:30pm, Saturday: 9am to 5pm, Sunday: Closed",SE3 7BT,Old Dover Road Blackheath SE3 7BT,51.4766694,0.0212735
,Bromley Reform Synagogue,2,10.30am to 2.30pm the second and fourth Wednesdays of the month,BR1 4AD,28 Highland Road Bromley Kent BR1 4AD,51.4101671,0.0061306
,Brookhill Children's Centre,1.5,Tuesday 1pm to 2.30pm reception area (overseen by reception staff and one other member of the team),SE18 6BD,Brookhill Children's Centre 42 Brumwell Avenue Woolwich SE18 6BD,51.4846953,0.0664229
,Central Eltham Youth Project,37.5,Monday to Friday 10.30am to 2pm and 3pm to 6pm,SE9 5DN,"CEYP 4 Pound Place, Eltham London SE9 5DN",51.4504435,0.0581401
,Charlton Library,32,"Monday: 2pm to 7pm, Tuesday: 9am to 1pm then 2pm to 5:30pm, Wednesday: Closed, Thursday: 2pm to 7pm, Friday: 9am to 1pm then 2pm to 5:30pm, Saturday: 9am to 1pm, then 2pm to 5pm, Sunday: Closed",SE7 8RE,Charlton House Charlton Road SE7 8RE,51.4804772,0.0371545
,Clockhouse Community Centre,55,Monday to Friday 8.30am to 7.30pm,SE18 5QL,Clockhouse Community Centre Defiance Walk Woolwich Dockyard London SE18 5QL,51.4937853,0.0537243
,Coldharbour Library,29,"Monday: 2pm to 5.30pm Tuesday: 9am to 1pm then 2pm to 5:30pmWednesday: Closed, Thursday: 2pm to 5.30pm, Friday: 9am to 1pm then 2pm to 5.30pm, Saturday: 9am to 1pm, then 2pm to 5pm, Sunday: Closed",SE9 3AY,William Barefoot Drive Eltham SE9 3AY,51.4304309,0.0573125
,Commmunity Association of New Eltham,18,,SE9 3QT,Commmunity Association of New Eltham Southwood Road Eltham SE9 3QT,51.436508,0.0691825
,Discovery Children's Centre,4,Main area Monday and Thursday 11.30am to 1.30pm (unstaffed),SE28 0JN,Discovery Children's Centre Battery Road Thamesmead SE28 0JN,51.5002831,0.0946192
,Eltham Centre Library,57.5,"Monday: 9am to 7pm Tuesday: 9am to 5:30pm, Wednesday: 9am to 5:30pm, Thursday: 9am to 7pm, Friday: 9am to 5:30pm, Saturday: 9am to 5pm, Sunday: 12noon to 4pm",SE9 1HA,Archery Road Eltham SE9 1HA,51.4515381,0.057772
,Eltham Green Community Church,2,Fridays 10am to 12noon,SE9 6DH,542 Westhorne Avenue SE9 6DH,51.4543342,0.0387683
,Eltham Park Baptist Church,2,Friday 10am to 12noon,SE9 1JE,Eltham Park Baptist Church 32A Westmount Road Eltham SE9 1JE,51.4547004,0.0610233
,Forum Greenwich,6,Wednesday and Friday 1pm to 4pm,SE10 9EQ,Forum Greenwich Christ Church Trafalgar Road Greenwich SE10 9EQ,51.4857139,0.0062184
,Hawksmoor Youth Club,4,Monday and Tuesday 9am to 11am,SE28 8AS,Hawksmoor Youth Club Bentham Road Thamesmead SE28 8AS,51.5052895,0.1118093
,Middle Park Community Centre,55,,SE9 5SD,Middle Park Community Centre 150 Middle Park Avenue Eltham SE9 5SD,51.4461059,0.0387616
,Mottingham Methodist Church,4,Wednesday 10am to 2pm,SE9 4QR,Methodist Church Mottingham Road Mottingham Village SE9 4QR,51.4367138,0.0441274
,Mycenae House,9,Monday to Saturday 9am to 10.30pm,SE3 7SE,Mycenae House 90 Mycenae Road London SE3 7SE,51.4801654,0.0172227
,National Maritime Museum,49,10am to 5pm,SE10 9NF,Voyagers Gallery National Maritime Museum Romney Road SE10 9NF,51.4802846,-0.0060454
,New Charlton Community Centre,71.5,,SE7 8DB,New Charlton Community Centre 217 Maryon Road Charlton SE7 8DB,51.4887386,0.0476492
,New Eltham Library,35,,SE9 3QT,Southwood Road New Eltham SE9 3QT,51.436508,0.0691825
,New Eltham Methodist Church and Community Centre,3,Wednesday 10am to 1pm,SE9 3UL,The Centre New Eltham Methodist Church 435 Footscray Road New Eltham SE9 3UL,51.4368681,0.0732275
,Plumstead Centre Library,52.5,"Monday: 9am to 5.30pm Tuesday: 9am to 5:30pmWednesday: 9am to 5:30pm, Thursday: 9am to 7pm, Friday: 9am to 5:30pm, Saturday: 9am to 5pm, Sunday: Closed",SE18 1DB,Plumstead High Street SE18 1DB,51.488525,0.090335
,Pound Park Children's Centre,3,Tuesday 3.30pm to 5pm and Thursday 12.30pm to 2pm,SE7 8AF,Pound Park Children's Centre Pound Park Road Charlton SE7 8AF,51.4881113,0.0403036
,Quaggy Children's Centre,8,"Monday, Wednesday, Thursday 3.30pm to 5.30pm and Friday 11am to 1pm (creche room)",SE13 7QZ,Quaggy Children's Centre Orchard Road Hill Lewisham SE13 7QZ,51.4705584,-0.0163471
,Roots4Life,4.5,,SE9 3UL,245 Footscray Road London,51.4368681,0.0732275
,Samuel Montagu Youth Centre,13,Monday to Friday 4pm to 9pm and Saturday to Sunday 9am to 5pm,SE3 8ND,Samuel Montagu Youth Centre 122 Broad Walk Kidbrooke SE3 8ND,51.4669311,0.0383652
,Seniors in Touch,3,Tuesday 11am to 2pm,SE28 8DJ,Titmuss Avenue Baptist Church Hall 85 Titmuss Avenue Thamesmead SE28 8DJ,51.505233,0.1134495
,Sherington Children's Centre,6.5,Monday 12.30pm to 2pm and Wednesday 3.30pm to 5pm (creche room) - 3.30pm to 5pm on Monday and Thursday (creche room staffed),SE7 7JW,Sherington Children's Centre 14 Sherington Road Charlton SE7 7JW,51.4803457,0.0250221
,Shrewsbury House Community Centre,20,"Monday to Friday 9am to 10pm, Saturday 9am to 4pm. Closed Sundays and bank holidays.",SE18 3EG,Shrewsbury House Community Centre Bushmoor Crescent Shooters Hill SE18 3EG,51.4736665,0.0722316
,Slade Centre Library,31.5,"Monday: 2pm to 7pm Tuesday: 9am to 5:30pm, Wednesday: Closed, Thursday: 2pm to 7pm, Friday: 9am to 1pm, then 2pm to 5:30pm, Saturday: 9am to 1pm, then 2pm to 5pm, Sunday: Closed",SE18 2QQ,Erindale Plumstead SE18 2QQ,51.4790328,0.0855516
,Slade Children's Centre,1.5,Wednesday 1pm to 2.30pm in training room (overseen by Reception staff and one other member of the team),SE18 2QQ,Slade Children's Centre Erindale Plumstead SE18 2QQ,51.4790328,0.0855516
,St Alfege Church,2,Wednesday 10am to 12 noon,SE10 9JT,St Alfege Church Hall Frank Smith Room Roan Street SE10 9JT,51.4802828,-0.0122959
,St Edward's Church Mottingham,42.5,,SE9 4AQ,St Edwards Church 35 St Keverne Road SE9 4AQ,51.4264276,0.0481564
,St George's Church,2,Tuesday 10am to 12 noon,SE3 7SD,St George's Church 43 Glenluce Road SE3 7SD,51.4800348,0.0185419
,St John's Church,2,,SE18 7NH,St John's Church Earl Rise,51.4873731,0.0812796
,St Luke's Church,2,Thursday 10am to 12 noon (Coffee Morning),SE7 8UG,St Luke's Church The Village Charlton SE7 8UG,51.4820633,0.0369659
,St Margaret's Church,4,Tea for Free Monday 10am to 12noon and the Darby & Joan Club Tuesday 11.45am to 2pm,SE13 5DN,St Margaret's Church Lee Terrace SE13 5DN,51.4621736,-0.0018395
,Storkway Children's Centre,40,,SE3 9QX,Storkway Children's Centre Ridgebrook Road Kidbrooke SE3 9QX,51.4634062,0.0357607
,Street Souls Emmaus Greenwich,2,,SE18 4DW,"Woolwich Common Community Centre, Leslie Smith Square SE18 4DW",51.4805718,0.0626072
,Thamesmere Library,53.5,,SE28 8DT,Thamesmere Leisure Centre Thamesmere Drive Thamesmead SE28 8DT,51.5080154,0.1132468
,The Greenwich Centre Library,53,,SE10 9GB,Greenwich Centre 12 LambaRoade Square SE10 9GB,51.4860696,0.008553
,Tramshed Arts,54,,SE18 6ET,"The Tramshed, 41 Woolwich New Road SE18 6ET",51.4781982,0.0762053
,Trinity Methodist Church and Community Centre,1.5,,SE18 7JW,Trinity Methodist Church 265 Burrage Road Plumstead SE18 7JW,51.48319,0.0732395
,Vista Field Children's Centre,3,,SE9 5SD,Vista Field Children's CentreThe Vista Eltham SE9 5SD,51.4461059,0.0387616
,Waterways Children's Centre,2,,SE28 8EZ,Waterways Children's Centre Southwood Road Thamesmead SE28 8EZ,51.5016149,0.1136135
,West Greenwich Library,35,,SE10 8NN,Greenwich High Street Greenwich SE10 8NN,51.4779998,-0.0113007
,West Thamesmead Community Association,5,,SE28 0ER,Broadwater Village Hall Gosander Way West Thamesmead SE28 0ER,51.4927712,0.0826635
,Woolwich Centre Library,57.5,,SE18 6HQ,Woolwich Centre 35 Wellington Street Woolwich SE18 6HQ,51.489313,0.0654719
,Woolwich Common Community Centre,15,,SE18 4DW,Woolwich Common Community Centre 17 Leslie Smith Square SE18 4DW,51.4805718,0.0626072
,Woolwich Front Room,30,,SE18 6JB,Woolwich Front Room 105 Powis Street Woolwich SE18 6JB,51.4916644,0.0649086
,Woolwich Service User Project,8.5,,SE18 6BJ,107 Brookhill Road Woolwich London SE18 6BJ,51.4875402,0.0667532
Hackney,Whitmore Community Centre,10,,N1 5NU,"2 to 4 Phillipp St, Whitmore Estate",51.5358387,-0.077532
,Banister House,5,,E9 6BN,"Homerton High Street, London, E9 6BN",51.5490851,-0.0465256
,Gascoyne 2 Community Hall,8,,E9 5AY,"2a Wick Road, Hackney, London E9 5AY",51.5447196,-0.0451983
,FoodCycle Hackney,1,,E9 7LP,"New Kingshold Community Centre, 49 Ainsworth Road, Hackney, London E9 7LP",51.5394734,-0.0509317
,St Barnabas Church,1.5,,E9 6DL,"Homerton High Street, London, London E9 6DL",51.5486337,-0.0431843
,Groundwork London,3,,E5 0PD,"6 Lower Clapton Road, Hackney, London E5 0PD",51.5505918,-0.0522307
,Chats Palace Arts Centre,8,,E9 6DF,"42-44 Brooksby's Walk, Homerton, London E9 6DF",51.5501289,-0.0427884
,Clapton Park URC,9.5,,E5 0PU,"Old School Rooms, 2 Powerscroft Road, Hackney, London E5 0PU",51.5530462,-0.0511161
,Bethnal Green Methodist Church,8,,E2 9JP,"Approach Road, Bethnal Green, London E2 9JP",51.5324541,-0.050626
,The Salvation Army,6,,E5 0QR,"122-124 Lower Clapton Road, Clapton, Hackney E5 0QR",51.5537124,-0.0533235
,Shepherd Fold Ministry,8,,E5 OLH,"Clapton Park Methodist Church, 99, Chatsworth Road, London E5 OLH",51.553286,-0.0449897
,The Pedro Club,5,,E5 0HD,"175 Rushmore Road, Lower Clapton, Hackney, London E5 0HD",51.5550785,-0.041393
,FoodCycle,1,,E3 4LY,"1 Merchant Street, Bow, London E3 4LY",51.5261768,-0.0274676
,Christ Apostolic Church,4,,E3 3HJ,"Upper floor, Devons Halls, Powis Road off Grace Street, Bow, London E3 3HJ",51.5266223,-0.0144303
,Poplar HARCA,10,,E3 3PR,"Linc Centre, 73 Fern Street, London, London E3 3PR",51.520982,-0.0228344
,Christchurch Three Mills,2.5,,E15 2QS,"School 360, Sugar House Lane, London E15 2QS",51.5309766,-0.0092378
,Poplar HARCA,12,,E3 3QE,"Jefferson Plaza, London, London E3 3QE",51.524385,-0.0118895
,Stratford Library,70,,E15 1EL,"3 The Grove, Newham, London E15 1EL",51.5430366,0.004441
,H.O.P.E.,7.5,"Tuesdays, 2.30pm to 4.30 pm, Fridays, 10.30pm to 4.00 pm",E9 6RH,"Morningside Community Centre, Cresset Road, Hackney E9 6RH",51.5450346,-0.0484586
,Hackney Quest,2.5,"Mondays, 1:30pm to 4pm",E9 7PQ,"Frampton Park Baptist church, Frampton Park Road, E9 7PQ",51.5415327,-0.0525598
Hammersmith and Fulham,Our Lady of Fatima Parish Centre,3.5,"Tuesdays, 2.30pm to 6pm",W12 7QR,"Commonwealth Avenue, London W12 7QR",51.5123649,-0.232236
,Old Oak Community Centre,5,"Wednesdays, 2pm to 6pm.",W12 0AP,"Braybrook Street, London W12 0AP",51.5170319,-0.2430092
Haringey,Alexandra Park Library,57,,N22 7UJ,Alexandra Park Road,51.5989759,-0.1361181
,Coombes Croft Library,57,,N17 8AG,High Road,51.6038052,-0.0682941
,Highgate Library,57,,N6 5QJ,1 Shepherds Hill,51.5774367,-0.1422095
,Hornsey Library,61,,N8 9JA,"Ground Floor Foyer, Haringey Park, N8 9JA",51.5783068,-0.1218695
,Marcus Garvey Library,62,,N15 4JA,"Tottenham Green Centre, 1 Philip Lane",51.5882561,-0.0740953
,Muswell Hill Library,51,,N10 3PE,Queen's Avenue,51.5916851,-0.1459015
,St Ann's Library,57,,N15 5PU,Cissbury Road,51.581579,-0.0827469
,Stroud Green and Harringay Library,57,,N4 4QR,Quernmore Road,51.5779859,-0.1067985
,Wood Green Central Library,61,,N22 6XD,High Road,51.5955224,-0.1096644
,Hornsey Central Cafe,42.5,,N8 8JD,"Hornsey Central Neighbourhood Health Centre, 151 Park Road, N8 8JD",51.5834192,-0.1310388
,The Goods Office Restaurant ,102.5,,N4 4DS,"1-3 Ferme Park Road, Stroud Green, N4 4DS",51.5738563,-0.1128147
,St Ann's Church Tottenham,4,,N15 5JH,"St Ann's Church Hall, 2 Avenue Road, N15 5JH",51.582488,-0.0844407
,Jacksons Lane ,72,,N6 5AA,"269a Archway Road, Highgate, N6 5AA",51.5771072,-0.1463938
,Winkfield Resource Centre Cafe ,4,,N22 5RP,"Winkfield Resource Centre, 33 Winkfield Road, Wood Green, N22 5RP",51.6004909,-0.1049385
,Cypriot Community Centre,25,,N22 5HJ,"Cypriot Community Centre, Earlham Grove N22 5HJ",51.6029957,-0.1102638
,Electric Grubb Cafe and Restaurant,69,,N15 4AJ,"286 High Road, Seven Sisters N15 4AJ",51.5856556,-0.0714025
,Mind in Haringey,4,,N4 3QF,"73C Stapleton Hall Road, Stroud Green, N4 3QF",51.572539,-0.1131002
,St James Church,2,,N10 3DB,"St James Church, St James Lane, Muswell Hill N10 3DB",51.5886222,-0.1438464
,The Antwerp Arms ,3,,N17 8AS,"168-170 Church Road, Tottenham, N17 8AS",51.6019132,-0.0746415
,Northumberland Park Resource Centre,3,,N17 0HJ,"177 Park Lane Northumberland Park, Tottenham, N17 0HJ",51.6028463,-0.0597716
,Hornsey Moravian Church,3,,N8 7HR,"Priory Road, Hornsey, N8 7HR",51.5876204,-0.1317181
,Ministry of Praise,6,,N17 0JJ,"46 Manor Road, Tottenham, N17 0JJ",51.6014454,-0.0593403
,Women with a Voice,9,,N17 0QA,"Eric Allin Centre, 240 Northumberland Park, Tottenham, N17 0QA",51.6035716,-0.0568669
,Chestnuts Community Centre,2,,N15 5BN,"280 St Ann's Road, Tottenham, N15 5BN",51.5817833,-0.0886561
,Broadwater Children's Centre,4,,N17 6HE,"Adams Road, Tottenham, N17 6HE",51.5957727,-0.0796658
,Sky City Community Centre,3,,N22 6SR,"65 Penwortham Court, Wood Green, N22 6SR",51.5941071,-0.110012
,The Engine Room,2.5,,N17 9FU,"Unit A, Eagle Heights, Hale Village, Tottenham Hale, N17 9FU",51.5898193,-0.0572373
,St Paul the Apostle Catholic Church,3,,N22 7SZ,"22 Bradley Road, Wood Green, N22 7SZ",51.5970483,-0.1145246
,Lordship Hub Cafe,3,,N17 6NU,"Lordship Recreation Ground Higham Road, Tottenham, N17 6NU",51.5922506,-0.0870041
,Commerce Road Community Centre,5,,N22 8EP,"52 Commerce Road, Wood Green, N22 8EP",51.6023431,-0.1132945
,Muswell Hill Methodist Church,3,,N10 1PP,"Pages Lane, Muswell Hill, N10 1PP",51.59464,-0.1462432
,St Mary's Church Tottenham,6.5,,N17 9XE,"Lansdowne Road, N17 9XE",51.5984782,-0.0664409
,Connecting Well with Wheely Tots,3,,N17 6HF,"Broadwater Farm Community Centre, Adams Road, Tottenham, N17 6HF",51.5944115,-0.0805606
Harrow,Flash Musicals,3,,HA8 6EZ,"Flash Musicals Methuen Road, Edgware HA8 6EZ",51.6073325,-0.2806406
,Harrow Association of Somali Voluntary Organisations (HASVO),4,,HA2 0DH,"66 Lower Road, HA2 0DH",51.5698816,-0.3471027
,Harrow Carers,4.5,,HA14QF,"Old Lyonians Sports Ground, Pinner View, Harrow, HA14QF",51.5868335,-0.3504139
,Hotspot Community CIC / Homegroup Housing Association ,2,,HA2 0TY,The Beacon Centre HA2 0TY,51.570821,-0.361513
,North Harrow Community Library,15,,HA1 4HN,"Pinner Road, North Harrow, HA1 4HN",51.5842903,-0.3588634
,My Yard at Grange Farm,10,,HA2 0QF,"Grange Farm Community Hall, Osmond Close, South Harrow HA2 0QF",51.568457,-0.3500258
,Oshwal Association,3,,NW9 9AA,"Ekta Centre, 366A Stag Lane, Kingsbury, London NW9 9AA ",51.5880463,-0.2655042
,Romanian Culture and Charity Together,6,,HA8 0LN,International Gospel Church 102a Watling Avenue Burnt Oak Middlesex HA8 0LN,51.6029411,-0.2627129
,South Harrow Methodist Church,16,,HA2 8QU,"Walton Avenue Harrow, HA2 8QU",51.5600431,-0.3734126
,"St Paul's Church, South Harrow",4,,HA2 8EL,"St Paul's South Harrow, Corbins Lane, HA2 8E",51.5641065,-0.3604125
,St Michael and All Angels' Harrow Weald,2.5,,HA3 7HP,"95 Bishop Ken Road, Harrow Weald, HA3 7HP ",51.6024496,-0.3298343
,The Disability Foundation,2,,HA7 4LP,"The Disability Foundation, Based at RNOH, Brockley Hill, Stanmore, HA7 4LP.",51.6325656,-0.3104353
,Vedicca london,3,,HA2 6EQ,"North Harrow Methodist Church, Pinner Road, HA2 6EQ",51.5893187,-0.3635037
,Wealdstone Methodist Church,2,,HA3 7ND,"Locket Road, Wealdstone, HA3 7ND",51.5973004,-0.3332285
Havering,Ardleigh House Community Association,1.5,,RM11 2LG,42 Ardleigh Green Road Hornchurch RM11 2LG,51.5832758,0.2208699
,Elm Park Community Association,3,,RM12 4RA,Elm Park Assembly Hall Annexe Eyhurst Avenue Elm Park RM12 4RA,51.5538718,0.20116
,Emerson Park Community Association,2,,RM11 2BU,Emerson Park Social Hall  Slewins Lane Hornchurch RM11 2BU,51.5745554,0.2135895
,H.A.D. (Havering Association for People with Disabilities),23,,RM11 3NN,"1a Woodhall Crescent Hornchurch, RM11 3NN",51.5637451,0.2326153
,Front Lane Community Association,4,,RM14 1XN,Cranham Social Hall 103 Front Lane Cranham RM14 1XN,51.5631477,0.2661181
,Harold Hill and District Community Association,3,,RM3 9LB,Gooshays Drive Harold Hill RM3 9LB,51.605822,0.2260284
,Myplace,3,,RM3 9EN,343 Dagnam Park Drive Harold Hill RM3 9EN,51.608327,0.223869
,Harold Wood Community Hub,49.5,,RM3 0QA,"The Hub, 11 Gubbins Ln, Romford RM3 0QA",51.5903857,0.2328964
,Havering Asian Social and Welfare Association,2,,RM12 6NB,Greenfields Kilmartin Way  Elm Park RM12 6NB,51.5602744,0.2202684
,Havering Museum,6,,RM1 1JU,"19,20, 21 High Street Romford RM1 1JU",51.5780807,0.1799582
,The Hope Cafe,56,,RM1 3ER,"80-84 Market Pl, Romford RM1 3ER",51.5794285,0.1829238
,Mardyke Community Association,6,,RM13 8PJ,Mardyke Social Centre South Street Rainham RM13 8PJ,51.5275798,0.1681592
,Moor Lane Church,1.5,,RM14 1HN,226 Moor Lane Cranham RM14 1HN,51.5692433,0.2764217
,Myplace,87.5,,RM3 9EN,343 Dagnam Park Drive Harold Hill RM3 9EN,51.608327,0.223869
,RAFA Club,25.5,,RM2 5AA,18 Carlton Road Romford RM2 5AA,51.5779125,0.1909193
,Romford Baptist Church and Hall,49,,RM1 3BL,Main Road Romford RM1 3BL,51.5808118,0.1859058
,Romford Care Centre,2,,RM3 8HW,107 Neave Crescent Harold Hill  RM3 8HW,51.5959058,0.2168512
,Rush Green Community Association,2,,RM7 0LB,Rush Green Gardens Rush Green Road Romford RM7 OLB,51.5651491,0.1707398
,Saint George's Church and Centre,15,,RM3 8HX,Chippenham Road RM3 8HX,51.6057272,0.2201169
,Salvation Army Centre (Harold Hill),8,,RM3 9PP,Petersfield Avenue Harold Hill RM3 9PP,51.6036611,0.2370426
,St. John and St. Matthews Church Hall,2,,RM13 7XT,South End Road Rainham RM13 7XT,51.5348107,0.1947175
,St. Luke's Church,1.5,,RM14 1LD,201 Front Lane Upminster RM14 1LD,51.5670294,0.267682
,The ROYALS Centre,4.5,,RM13 9YG,Viking Way Rainham RM3 9YG,51.5190661,0.1907604
,YMCA Romford,12,,RM7 0PH,29 Rush Green Road Romford RM7 0PH,51.5649774,0.1843526
Hillingdon,Botwell Green Library,56,,UB3 2HW,East Avenue Hayes UB3 2HW,51.5075545,-0.4180508
,Charville Library,44,,UB4 8LF,Bury Avenue Hayes UB4 8LF,51.5360479,-0.4285405
,Christ Church,12,,UB8 1SZ,"Redford Way, Uxbridge. UB8 1SZ",51.5479691,-0.4795459
,Coldharbour Lane Church,3,,UB3 3HG,136 Coldharbour Lane Hayes UB3 3HG,51.511666,-0.412216
,Eastcote Library,44,,HA5 1RL,Field End Road Eastcote HA5 1RL,51.5800167,-0.4003816
,Fairfield Church,3.5,,HA6 1PD,Windsor Close Northwood Hills HA6 1PD,51.6018729,-0.4107034
,Harefield Library,43.5,,UB9 6BJ,Park Lane Harefield UB9 6BJ,51.6045543,-0.4835772
,Harlington Library,43.5,,UB3 1PB,Pinkwell Lane Hayes UB3 1PB,51.4971104,-0.4365213
,Hayes End Library,44,,UB4 8JQ,Uxbridge Road Hayes End UB4 8JQ,51.5259791,-0.4361237
,Hayes Town Chapel,2,,UB3 2JP,Hayes Town Chapel St. Mary's Road Hayes UB3 2JP,51.5159458,-0.4181636
,Hillingdon Park Baptist Church,20,,UB10 9LS,25 Hercies Road Hillingdon UB10 9LS,51.5517954,-0.4517105
,Ickenham Library,44,,UB10 8RE,Community Close / Long Lane Ickenham UB10 8RE,51.5632979,-0.4429953
,Manor Farm Library,45.5,,HA4 7SU,Manor Farm Site Bury Street Ruislip HA4 7SU,51.5784426,-0.4296476
,Northwood Hills Library (Potter Street),44,,HA6 1QQ,Potter Street Northwood HA6 1QQ,51.6027935,-0.4083031
,Northwood Library (Oaklands Gate),44,,HA6 3AA,Oaklands Gate Northwood HA6 3AA,51.6124263,-0.4251389
,Northwood Methodist Church,2.5,,HA6 3AA,Oaklands Gate Northwood HA6 3AA,51.6124263,-0.4251389
,Oak Farm Library,54,,UB10 9PB,Sutton Court Road Hillingdon UB10 9PB,51.5445362,-0.4494764
,Ruislip Manor Library,58,,HA4 8TW,Linden Avenue Ruislip Manor HA4 8TW,51.572885,-0.4109064
,South Ruislip Christian Fellowship,2,,HA4 6SR,2 Deane Ave Ruislip HA4 6SR,51.554128,-0.3997032
,South Ruislip Library,44,,HA4 0JE,Victoria Road South Ruislip HA4 0JE,51.5573823,-0.3950305
,St Margaret's Church,5.5,,UB8 1UT,Windsor Street Uxbridge UB8 1UT,51.5461405,-0.4799963
,Uxbridge Library,55,,UB8 1HD,High Street Uxbridge UB8 1HD,51.5451833,-0.4782976
,Waterloo Road Church,37.5,,UB8 2QX,"Waterloo Rd, Uxbridge UB8 2QX",51.5423305,-0.4871605
,West Drayton Library,44,,UB7 7JS,"Station Rd, West Drayton UB7 7JS",51.5053567,-0.4699706
,Yeading Library,44,,UB4 0EW,"Yeading Ln, Hayes UB4 0EW",51.5212389,-0.4033211
,Yiewsley Library,46,,UB7 7BE,"High St, Yiewsley UB7 7BE",51.5147848,-0.4737477
,Yiewsley Methodist Church Hall,3,,UB7 8ES,"Fairfield Rd, Yiewsley UB7 8ES",51.5128052,-0.4708884
Westminster,Central London Youth Development Trust,3,Open every Friday from 11:30am to 2:30pm.,NW8 8SR,"Greenside Community Centre, Lilestone Street, London, NW8 8SR",51.5252276,-0.1662761
,Middle Eastern Women and Society Organisation,3,Saturday from 12pm to 3pm.,NW8 8HJ,"Derry House, Church St Estate, London, NW8 8HJ",51.523109,-0.1722714
,The Mosaic Community Trust,3,Mondays from 10:30am to 1:30pm.,NW8 8D.,"The Portman Early Years Centre, 12 -15 Salisbury Street, NW8 8D.",51.53328,-0.1734435
,Queen's Park Bangladesh Association,84,Thursdays from 6pm and Sundays from 1pm.,W10 4QH.,"71 Ilbert St, London W10 4QH.",51.5288639,-0.2107503
,Kulan Somali Organisation,84,Thursdays.,W10 4QA.,"Queen's Park community hall, Droop Street, W10 4QA.",51.5291222,-0.2141281
,Community For All (C4A) CIC,15,Thursdays from 6pm to 9pm.,W9 3RU.,"472 Harrow Road, W9 3RU.",51.52406,-0.2006316
,Queen's Park Club,11.5,"Queen's Park Club provides hot meals on weekdays, weekends and evenings",W10 4QJ.,"The Hut, Queen's Park Garden, London, W10 4QJ.",51.5289331,-0.2088013
,Sunahs Crisis Team CIC,84,,W10 4QA.,"Queens Park Court Community Hall, Droop Street, W10 4QA.",51.5291222,-0.2141281
,Marylebone Bangladesh Society,6,Mondays from 5 to 8pm and Fridays 5 to 8pm,NW8 8ER.,"19 Samford St, London NW8 8ER.",51.524634,-0.1698607
,Make it Happen,6,Thursdays from 10am to 3pm.,NW8 8SU.,"4 Lilestone St, London NW8 8SU.",51.5249603,-0.1675843
,London Tigers,3,Wednesdays from 10am to 1pm.,W9 3AZ,"WECH Community Centre, Selbourne House, 36A Elgin Avenue,",51.5246823,-0.1989926
,Grand Junction,49,,W2 5TF,"Rowington Cl, London W2 5TF",51.5224645,-0.189278
,Queen's Park Library,55.5,open Monday to Saturday,W10 4NE,"666 Harrow Rd, London W10 4NE",51.5270233,-0.2109378
,Queen's Park Children's Centre,35,,W9 3AL,"88 Bravington Rd, London W9 3AL",51.5300235,-0.204837
,Maida Vale Library,55.5,open Monday to Saturday,W9 2QT,"Maida Vale Library, Sutherland Avenue, London W9 2QT",51.5246679,-0.1904591
,North Paddington Youth Club,15,,W9 1EA,"229 Lanark Road, W9 1EA",51.5320679,-0.1874984
,Happy Lizzy Event Planning (HELP),3,Activities take place on Fridays after school between 3.30pm and 6.30pm.,W9 3EW,"Lydford Community Hall, 74 Fernhead Road, W9 3EW",51.5279785,-0.2016593
,Maida Hill Place,12,"Monday lunchtimes, midday to 2.00 pm Weekends, Sunday 14 January, 1pm to 3pm, Sunday 28 January, 1pm to 3pm (TBC), Sunday 12 February, 1pm to 3pm, Sunday 26 February, 1pm to 3pm (TBC), Sunday 12 March, 1pm to 3pm, Sunday 26 March, 1pm to 3pm, They are also running a soup stall on Tuesdays at Maida Hill Market from 2pm to 3pm.",W9 3AZ,"Wech Community Hall, Selbourne House, 36A Elgin Avenue London, W9 3AZ",51.5246823,-0.1989926
,Church Street Library,54.5,,NW8 8EU,"67 Church St, London NW8 8EU",51.5232146,-0.1703932
,The Portman Family Hub,50,,NW8 8DE,"12 Salisbury St, London NW8 8DE",51.5229216,-0.1689058
,Marylebone Library,63,,W1G 9UQ,"9-11 New Cavendish St, London W1G 9UQ",51.518921,-0.150631
,Feathers Youth Centre,60,,NW1 6NX,"12 Rossmore Road, London, NW1 6NX",51.5248004,-0.1648373
,St John's Wood Library,59,,NW8 6PD,"20 Circus Rd, London NW8 6PD",51.5336537,-0.1726277
,The Avenues Youth Project,53,,W10 4RS,"3-7 Third Ave, London W10 4RS",51.5277765,-0.2078519
,Penfold Community Hub,40,,NW8 8PJ,"60 Penfold St, London NW8 8PJ",51.5236572,-0.1722495
,Paddington Library and Children's Library,41.5,,W2 5EA,"Westbourne Park Baptist Church, Westbourne Park Villas, London W2 5EA",51.5186874,-0.1904223
,Fitzrovia Community Centre,76,,W1W 6DL,"Fitzrovia Community Centre, 2 Foley St, London W1W 6DL",51.5202603,-0.1386562
,The Photographers' Gallery,59,,W1F 7LW,"16-18 Ramillies St, London W1F 7LW",51.514925,-0.1390466
,London Advocacy Group,32.5,,WC2N 5BW,"1, Trafalgar Square, Northumberland Ave, London WC2N 5BW",51.5071885,-0.126998
,St. Vincent's Family Project,37.5,,SW1H 9NH,"Methodist Central Hall, Storey's Gate, London SW1H 9NH",51.4999992,-0.1301167
,Westminster Chapel,6.5,,SW1E 6BS,"Buckingham Gate, London SW1E 6BS",51.4986803,-0.1376481
,Mayfair Library,43.5,,W1K 2PB,"25 S Audley St, London W1K 2PB",51.5093701,-0.1511475
,Charing Cross Library,57.5,,WC2H 0HF,"4-6 Charing Cross Rd, London WC2H 0HF",51.5099441,-0.1278073
,Westminster Music and Reference Library,57,,WC2H 7HP,"35 St Martin's St, London WC2H 7HP",51.5096613,-0.1298076
,Royal Academy of Arts,51,,W1J 0BD,"Burlington House, Piccadilly, London W1J 0BD",51.5090976,-0.1396011
,Royal Opera House,42,,WC2E 9DD,"Bow St, London WC2E 9DD",51.5125811,-0.1230177
,National Gallery,59,,WC2N 5DN,"Trafalgar Square, London WC2N 5DN",51.5090968,-0.1276835
,Institute of Contemporary Arts,54,,SW1Y 5AH,"The Mall, St. James's, London SW1Y 5AH",51.5066302,-0.1303352
,Victoria Library,56,,SW1W 9TR,"160 Buckingham Palace Rd, London SW1W 9TR",51.4932306,-0.1478534
,Somerset House,63,,WC2R 1LA,"Strand, London WC2R 1LA",51.5109245,-0.117708
,Royal Albert Hall,84,,SW7 2AP,"Kensington Gore, South Kensington, London SW7 2AP",51.5012673,-0.1775399
,South Westminster Community Choir,44.5,,SW1V 2PS,"Off Thorndike St, Moreton St, Lillington and Longmoore Gardens, London SW1V 2PS",51.4907029,-0.1353227
,Pimlico Library,64,,SW1V 3AT,"Lupus St, Pimlico, London SW1V 3AT",51.4880181,-0.1379697
,Clear Village Charitable Trust,45,,SW1V 1TA,"Block A Peabody Vauxhall Estate, Vauxhall Bridge Rd, London SW1V 1TA",51.4939051,-0.1399028
,Open Age,3,,SW1V 2RT,"1 Carey Pl, London SW1V 2RT",51.4905815,-0.132778
,Churchill Gardens Youth Club,9,,SW1V 3DL,"Churchill Gardens Rd, Pimlico, London SW1V 3DL",51.4868426,-0.1402623
,Westminster Bangladeshi Welfare Trust,3,,SW1V 4LP,"Sherbourne House, Lower ground floor, Winchester Street, SW1V 4LP",51.4899242,-0.1463309
,Bessborough Family Hub,40,,SW1V 2JD,"Bessborough Nursery, 1 Bessborough St, London SW1V 2JD",51.4888705,-0.1331936
,St Andrew's Club,60,,SW1P 2DG,"Alec Wizard House, 12 Old Pye St, London SW1P 2DG",51.4974032,-0.1313217
,The Abbey Centre,76,,SW1P 3BU,"34 Great Smith St, London SW1P 3BU",51.497294,-0.1296511
,Sport4Health,56,,SW1V 3AA,"St Gabriel's Parish House, Glasgow Terrace, Pimlico, London SW1V 3AA",51.4863397,-0.1425729
Wandsworth,Ascension Church Hall,40,"Monday to Friday, 8.30am to 4.30pm",SW12 8QY,"23 Malwood Road, London, SW12 8QY",51.4458963,-0.1525755
,St Luke's Church,3,Wednesday 10.30am to 1.30pm,SW12 8RQ,"Ramsden Road, London, SW12 8RQ",51.4521202,-0.1566421
,St Marks Church Hall,3,Monday 11am to 2pm,SW17 7AP,"Rowfant Road, London, SW17 7AP",51.4413521,-0.1569606
,St Mary and St John the Divine,4,"Wednesday 10am to 12 noon, Saturday 10am to 12 noon",SW12 9BS,"Balham High Road, London, SW12 9BS",51.4425795,-0.1543786
,Church of the Ascension,2.5,Wednesday 1.30 to 4pm,SW11 5RB,"Lavender Hill, London SW11 5RB",51.4653118,-0.1583277
,Cromwell House,26,"Council-run Enable Leisure and Culture. Monday, Wednesday and Friday 4 to 7pm  Cromwell House Community Hub. Monday, Wednesday, Saturday and Sunday 4 to 7pm, Begin2Sports Group Academy C.I.C. Thursday 12 noon to 3.15pm, Agoe Empowerment Network Ltd.  Friday 11am to 1pm",SW11 5HW,"Charlotte Despard Avenue, London, SW11 5HW",51.4743547,-0.1529524
,Devas Club,25,"Monday to Friday, 4 to 6pm (8 to 11 year olds), Monday to Friday, 6 to 9pm (11 to 19 year olds)",SW11 5EN,"2A Stormont Road, London, SW11 5EN",51.4644835,-0.1565471
,Kambala Community Centre,40,TBA - opening 4 January 2023,SW11 2LU,"126 Fawcett Close, London, SW11 2LU",51.4691317,-0.1737238
,S.T.O.R.M Family Centre,12,"Wednesday 1 to 5pm, Thursday 1 to 5pm, Saturday 11am to 3pm",SW11 5JF,"61 Strasburg Road, London, SW11 5JF",51.4737172,-0.1518694
,York Gardens Children's Centre,35,"Monday to Friday, 9am to 4pm",SW11 2UG,"Lavender Road, Clapham Junction, London, SW11 2UG",51.4674875,-0.175546
,York Gardens Library and Community Centre,2,Thursday 10.30am to 12.30pm,SW11 2UG,"34 Lavender Road, London, SW11 2UG",51.4674875,-0.175546
,Earlsfield Baptist Church,3,Sunday 1 to 4pm,SW18 3NZ,"271 Magdalen Road, London, SW18 3NZ",51.4420822,-0.186473
,Home Community Cafe,12.5,"Tuesday 9am to 4pm, Wednesday 10.30am to 4pm",SW18 4SR,"St Andrew's Church, Garratt Lane, London, SW18 4SR",51.4410354,-0.1868166
,ROSE Community Clubroom,10,Monday 10am to 8pm,SW8 4AN,"22 Ascalon Street, London, SW8 4AN",51.4779338,-0.1404375
,Yvonne Carr Children's Centre,37.5,"Monday to Friday, 9am to 4.30pm",SW8 4HT,"2 Thessaly Road, Nine Elms, London, SW8 4HT",51.4743687,-0.1345201
,Eastwood Children's Centre,37.5,"Monday to Friday, 9am to 4.30pm",SW15 4HR,"166 Roehampton Lane, Roehampton, London, SW15 4HR",51.4523565,-0.2446873
,Ackroydon Community Hall,2,Monday 1 to 3pm,SW19 6QL,"Montfort Place, London, SW19 6QL",51.4465948,-0.2180262
,Brathway Hall,5,Tuesday 10am to 3pm,SW18 4BE,"Brathway Road, London, SW18 4BE",51.4497065,-0.1980442
,Open Door Community Centre,6,Tuesday and Thursday 4 to 7pm,SW19 6TF,"Beaumont Road, London, SW19 6TF",51.4484492,-0.2163853
,St Michael's & All Angels Church,2,Wednesday 12 noon to 2pm,SW18 5TT,"71 Wimbledon Park Road, London, SW18 5TT",51.44907,-0.2028617
,All Saints Church Centre,4,"Tuesday, 10am to 12 noon, Thursday, 10am to 12 noon",SW17 8DQ,"80 Franciscan Road, SW17 8DQ",51.4298716,-0.1577247
,Franciscan Children's Centre,37.5,"Monday to Friday, 9am to 4.30pm",SW17 8HQ,"221 Franciscan Road, Tooting, London, SW17 8HQ",51.4276878,-0.1606752
,Holy Trinity Church,6,"Monday 2 to 4pm (Homeless Support Cafe), Wednesday 12 noon to 4pm (opening 7 December 2022)",SW17 7RH,"74 Trinity Road, London, SW17 7RH",51.4369882,-0.1613807
,Smallwood Children's Centre,37.5,"Monday to Friday, 9am to 4.30pm",SW17 0TW,"Smallwood Primary School, Smallwood Road, London, SW17 0TW",51.4312152,-0.178099
,St Albans Church Hall,1.5,Wednesday 10.30am to 12 noon,SW16 6RR,"Pretoria Road, London, SW16 6RR",51.4240369,-0.1441364
,St Augustine's Church,4,Thursday 12 noon to 4pm,SW17 0EF,"16 Broadwater Road, London, SW17 0EF",51.4305256,-0.1667472
,The Furzedown Project,10,"Wednesday 1 to 4pm, Monday 11am to 1pm, Wednesday 11.30am to 1.30pm, Friday 2 to 4pm, Saturday 1 to 4pm",SW16 6SJ,"91-93 Moyser Road, London, SW16 6SJ",51.4253401,-0.1486435
,Tooting Community Kitchen,3,Wednesday 1 to 4pm,SW17 9PP,"19 Church Lane, London, SW17 9PP",51.4251456,-0.1614246
,East Hill Baptist Church,7,"Tuesday: 10am to 2pm, Wednesday: 10am to 1pm",SW18 2HD,"182 East Hill, London, SW18 2HD",51.4573583,-0.1880699
,Gwynneth Morgan Day Centre,5,"Monday to Friday, 9.15 to 10.15am (From Monday 27 February)",SW18 2HJ,"52 East Hill, London, SW18 2HJ",51.4593319,-0.1819603
,West Hill in the Park Children's Centre,35,"Monday to Friday, 9am to 4pm",SW18 4AS,"King George's Park, Buckhold Road, Wandsworth, SW18 4AS",51.4532422,-0.1969838
Waltham Forest,Leyton Orient Trust,18,,E10 5NF,"Leyton Orient Stadium, Brisbane Road, Leyton, E10 5NF",51.5602116,-0.0118855
,Lea Bridge Library,65,"Monday to Friday 9am to 7pm, Saturday 9am to 6pm and Sunday 10am to 4pm.",E10 7HU,"Lea Bridge Road, Leyton E10 7HU",51.5704999,-0.0241786
,Pepper's Ghost,12,Thursdays and Fridays 12pm to 6pm.,E10 5AB,"777 High Road, Leyton E10 5AB",51.5729912,-0.0087736
,Cornerstone,63,Everyday,E10 6EH,"149 Canterbury Road, E10 6EH",51.5754568,-0.0004107
,St Andrew's Church,18,Mondays and Thursdays 11am to 8pm.,E11 1JD,"153 Colworth Road, E11 1JD",51.5744303,0.0075682
,Holy Trinity and St Augustine of Hippo Church,2,Tuesday 11am to 1pm.,E11 4LD,"4 Holloway Road, Leytonstone, E11 4LD",51.5574639,0.0037337
,Leytonstone and Wanstead Synagogue,3,Friday from 10am to 1pm,E11 3BS,"2 Fillebrook Road, E11 3BS",51.5663886,0.0166217
,The Inconvenient Store,51,Tuesdays to Saturdays 11am to 8pm and Sundays 12pm to 6pm.,E11 4RD,"719 High Road Leytonstone, E11 4RD",51.5638919,0.0096145
,Leytonstone Library,63,"Monday to Friday 9am to 7pm, Saturday 9am to 6pm and Sunday 12pm to 4pm.",E11 1HG,"Church Lane, E11 1HG",51.5682442,0.0090993
,Farm Community Kitchen,23.5,,E11 3NH,"102 Cann Hall Road, E11 3NH",51.5556568,0.0115884
,Elim Pentecostal Church,24,,E11 1EL,"Hainault Road, E11 1EL",51.5718641,0.0019714
,St Peter in the Forest,1.5,,E17 3PP,"18 Woodford New Road, E17 3PP",51.5871346,0.0061216
,William Morris Big Local at Priory Court Community Centre,12,Mondays and Thursdays 12pm to 6pm.,E17 5NB,"11 Priory Court, E17 5NB",51.5941053,-0.0268505
,The Mill at Coppermill,40,Tuesday to Friday from 9:30am to 5:30pm. Saturday and Sunday from 10am to 2pm.,E17 7HA,"7 Coppermill Lane, E17 7HA",51.5811013,-0.0359153
,St Barnabus and Stafford Hall,3.5,Thursdays 3pm to 6:30pm.,E17 8JY,"St Barnabus Road, E17 8JY",51.5758931,-0.0208418
,The Gleaners,8,,E17 9AH,"The Hornbeam Centre, 458 Hoe Street, E17 9AH",51.5757947,-0.0144816
,The Lloyd Park Children's Charity,4,Fridays 10am to 2pm (school term only).,E17 5JW,"The Lloyd Park Centre, Winns Avenue Entrance, Lloyd Park, E17 5JW",51.5934042,-0.0220587
,Christian Kitchen,10.5,daily between 7:30pm and 9pm,E17 7AB,"Mission Grove Car Park, E17 7AB",51.5818452,-0.0336171
,Wood Street Library,63,"Monday to Friday: 9am to 7pm, Saturday: 9am to 6pm and Sunday: 12pm to 4pm.",E17 3HB,"1 Troubridge Square, Wood Street, E17 3HB",51.5880491,-0.0047949
,Walthamstow Library,65,"Monday to Friday: 9am to 7pm, Saturday: 9am to 6pm and Sunday: 10am to 4pm.",E17 7JN,"High Street, Walthamstow, E17 7JN",51.5844757,-0.0210607
,Higham Hill Library,18,"Monday, Thursday and Friday: 10am to 6pm.",E17 5HS,"North Countess Road, Walthamstow, E17 5HS",51.5982913,-0.0260482
,Food Cycle,1.5,Thursdays 6:30 to 8pm.,E17 9RH,"St Mary's Welcome Centre, Church End, E17 9RH",51.5844485,-0.0125309
,Peabody,5.5,Wellbeing Cafe Tuesdays 12:30pm to 2:30pm and Community Pantry Tuesday 8:30am to 2pm.,E4 8YD,"The Paradox Community Centre, 3 Ching Way, E4 8YD",51.6078514,-0.0250413
,Highams Park Food Aid,15,"open Tuesday, Wednesday and Thursday at All Saints Church",E4 9QZ,"All Saints Church, Church Avenue, Highams Park, E4 9QZ",51.6095356,0.0029351
,Chingford Library,63,"Monday to Friday 9am to 7pm, Saturday 9am to 6pm and Sunday 12pm to 4pm.",E4 7EN,"The Green, Chingford, E4 7EN",51.631634,0.0021889
,Hale End Library,30,"Tuesday, Wednesday and Friday 10am to 6pm. Saturday 10am to 4pm.",E4 9QD,"Castle Avenue, Highams Park, E4 9QD",51.6099477,0.0030255
,South Chingford Community Library,24,"Monday, Tuesday, Thursday and Saturday 10am to 4pm.",E4 8LP,"265 Chingford Mount Road, E4 8LP",51.6158951,-0.0178309
,Organic Lea,13,,E4 7UH,"Hawkwood Nursery, 115 Hawkwood Crescent, E4 7UH",51.6407224,-0.0029171
Tower Hamlets,Wigram House Community Centre,5,Monday 12noon to 5pm,E14 0DA,"Wigram House Community Centre, Wades Place, E14 0DA",51.5093088,-0.0190597
,Keddlestone Walk Community Centre,3,Tuesday 10am to 1pm,E2 9QT,"Keddlestone Walk Community Centre, Hollybush Gardens, E2 9QT",51.5289423,-0.0568456
,Saltwell Street Community Centre,5,Wednesday 2 to 7pm,E14 0DZ,"Saltwell Street Community Centre, Saltwell Street, E14 0DZ",51.509719,-0.0220538
,Glasshouse Community Centre,2,Thursday 10am to 12noon,E2 9QB,"Glasshouse Community Centre, 161 Old Ford Road, E2 9QB",51.5313469,-0.0473139
,Wynn Garrett Resource Centre Harpley Square,3,Thursday 10am to 1pm,E1 4EA,"Wynn Garrett Resource Centre Harpley Square, E1 4EA",51.5249198,-0.0485548
,Cranbrook Community Centre,3,Thursday 1 to 4pm,E2 0RB,"Cranbrook Community Centre Mace Street, E2 0RB",51.5301499,-0.045635
,Guild Room,5,Thursday 2 to 7pm,E14 6JG,"Guild Room, Canton Street, E14 6JG",51.5122902,-0.0257472
,Tarling East Community Centre,3.5,Thursday 11.30am to 3pm,E1 2PA,"Tarling East Community Centre, 63 Martha Street, E1 2PA",51.5121391,-0.0543757
,St Matthias Community Centre,5,Sunday 2 to 7pm,E14 0EY,"St Matthias Community Centre, Woodstock Terrace, E14 0EY",51.5104769,-0.0126248
Sutton,Sutton Central Library,71.5,,SM1 1EA,"St Nicholas Way, Sutton, SM1 1EA",51.3616283,-0.1948101
,Cheam Library,40.5,,SM3 8QH,"Cheam Library, Church Road, Cheam, SM3 8QH",51.3605277,-0.2169012
,Circle Library,40.5,,SM5 1JJ,"Circle Library, Green Wrythe Lane, Carshalton SM5 1JJ",51.3867305,-0.1758996
,Library at the Life Centre,53,,SM3 9PX,"Sutton Life Centre, Alcorn Close, Sutton, SM3 9PX",51.3783841,-0.2025852
,Library at the Phoenix Centre,59,,SM6 9NZ,"Library at the Phoenix Centre, Mollison Drive, Roundshaw, Wallington, SM6 9NZ",51.353218,-0.1332842
,Wallington Library,87,,SM6 0HY,"Wallington Library, Shotfield, Wallington, SM6 0HY",51.3572651,-0.1508867
,Westcroft Library,92,,SM5 2TG,"Westcroft Leisure Centre, Westcroft Road, Carshalton, SM5 2TG",51.3673566,-0.1567007
,Worcester Park Library,40.5,,KT4 8ES,"Worcester Park Library, Stone Place, Windsor Road, Worcester Park, KT4 8ES",51.3778196,-0.2412319
Southwark,Blackfriars Settlement,24,Monday: 2pm to 5pm Warm Hub. Tuesday: 9.30am to 2pm Warm Hub. 2pm to 4pm Forget Me Nots for older people who want to maintain their memory. Wednesday: 9.30am to 1pm Warm Hub. 1.30pm to 3.30pm. Thursday: 9.30am to 4pm. Friday: 9.30am to 4pm.,SE1 0RB,"1 Rushworth Street, SE1 0RB",51.501251,-0.1016811
,Time and Talents,4,Monday: 10 30am to 12 30pm Wednesday: 1pm to 3pm,SE16 7NB,"T&T, Surrey Quays Shopping Centre, Redriff Road, SE16 7NB",51.4950569,-0.0464882
,Age UK Yalding Road,40,Monday to Friday: 9am to 5pm,SE16 3TY,"Healthy Living and Learning Service, 95 Southwark Park Road, Bermondsey, SE16 3TY",51.4928723,-0.0704231
,Love North Southwark,15,"Open Monday, Tuesday, Wednesday and Friday.",SE16 2EN,"4, 5 Gataker House Slippers Place, Bermondsey SE16 2EN",51.4964578,-0.0599131
,London Senior Social,5,Open Saturday 11.30am to 4.30pm.,SE1 1QQ,"11 Scovell Road, SE1 1QQ",51.499561,-0.0989418
,St Jude's,12,Open Monday to Thursday. Monday: Coffee mornings 10am to 12 noon / Board games 1.30pm to 3.30pm. Tuesday: Coffee mornings 10am to 12 noon / Senior Citizen session 2pm to 4pm. Wednesday: Coffee mornings and storytelling 10am to 12 noon. Thursday: Soup Kitchen 12.30pm to 2.30pm ,SE1 6EZ,"St Jude's Centre, Colnbrook Street, SE1 6EZ",51.4968677,-0.1047734
,Blue Anchor Library,46,Weekly tea/coffee sessions: Tuesday 11am. Library opening times: Monday: 9am to 7pm. Tuesday: 9am to 7pm. Wednesday: closed. Thursday: 9am to 7pm. Friday: 10am to 6pm. Saturday: 9am to 5pm. Sunday: closed,SE16 3UQ,"Market Place, SE16 3UQ",51.4927298,-0.063961
,Canada Water Library,72,Weekly tea/coffee sessions: Thursday 11.30am. Library opening times: Monday: 8am to 8pm. Tuesday: 8am to 8pm. Wednesday: 8am to 8pm. Thursday: 8am to 8pm. Friday: 8am to 8pm. Saturday: 9am to 5pm. Sunday: 12noon to 4pm,SE16 7AR,"21 Surrey Quays Rd, SE16 7AR",51.4978085,-0.0491799
,John Harvard Library,58,"Weekly tea/coffee sessions: Tuesday 11am. Monthly archivist talks 2pm on: 8 November, 13 December, 17 January, 21 February, 21 March. Library opening times: Monday: 9am to 7pm. Tuesday: 9am to 7pm. Wednesday: 9am to 7pm. Thursday: 9am to 7pm. Friday: 9am to 7pm. Saturday: 9am to 5pm",SE1 1JA,"211 Borough High St, SE1 1JA",51.5012715,-0.0924157
,Tate Modern,56,"Open 10am to 6pm, 7 days a week",SE1 9TG,"Tate Modern Bankside, SE1 9TG",51.5076167,-0.0993991
,Bermondsey and Rotherhithe Children and Family Centres,2,Open Tuesdays from 10am to 12 noon,SE16 2PE,"Park Lodge, Hawkstone Rd, London SE16 2PE",51.4924024,-0.0496268
,Haddon Hall Baptist Church,2,Open every Wednesday from 10am to 12pm.,SE1 4TR,"22 Tower Bridge Rd, London SE1 4TR",51.4954475,-0.083237
,The RJ4ALL Rotherhithe Community Centre,42.5,"Monday to Friday 9:30am to 5:30pm. Tuesdays food bank and clothes mending 11am to 2pm, cafe connect 2pm. Thursday lates (coffee tea and music session 5pm, step class 6.15pm) until 8pm.",SE16 2LJ,"Rotherhithe Community Centre, 30 Plough Way, SE16 2LJ",51.4918994,-0.0426472
,The Bridge,7,Every Wednesday from 10am to 5pm,SE1 0NQ,"73-81 Southwark Bridge Road, SE1 0NQ",51.5045231,-0.0955076
,London LGBTQ+ Community Centre,40,"Wednesday to Sunday, 12 noon to 8pm.",SE1 9JH,"60-62 Hopton Street, SE1 9JH",51.5082622,-0.1020526
,Southwark Pensioners,12.5,"Thursday and Friday afternoons from 12.15pm to 5pm and alternate Saturdays 10am to 4pm. Social Thursday, Feelgood Friday, and sharing Saturday.",SE5 0HQ,"Southwark Pensioners Centre, 305-307 Camberwell Rd, SE5 0HQ",51.4759303,-0.0935163
,Copleston Centre,4,Soup Socials' will operate from 12pm to 2pm on Mondays.,SE15 4AN,"Copleston Centre, Copleston Road, Peckham SE15 4AN",51.4662413,-0.0773057
,Southwark Carers,40,Our Carers Cafe will be open every Friday for cared for residents of Southwark.,SE5 0EN,"3rd Floor, Walworth Methodist Church, 54 Camberwell Road, SE5 0EN",51.4835026,-0.0946552
,Prince of Peckham,2,Come in for a free hot drink on chatty Tuesdays from 2pm to 4pm.,SE15 5JA,"1 Clayton Road, SE15 5JA",51.4733383,-0.0653869
,Elimhouse,6,Local residents can come for a hot meal at a weekly lunch club: Wednesday 11am to 5pm.,SE15 4RQ,"86-88 Bellenden Road, Peckham, SE15 4RQ",51.4703564,-0.0732595
,Camberwell Library,67,Weekly tea/coffee sessions: Mondays 11am. Library opening times: Monday: 9am to 8pm.Tuesday: 9am to 8pm. Wednesday: 9am to 8pm. Thursday: 9am to 8pm. Friday: 9am to 8pm. Saturday: 9am to 5pm. Sunday: 12pm to 4pm,SE5 7AL,"48 Camberwell Green, SE5 7AL",51.4762349,-0.09179
,South London Gallery,45,Tuesday to Sunday: 11am to 6pm. Late opening every Wednesday until 9pm,SE5 8UH,"65 Peckham Road and 82 Peckham Road, SE5 8UH",51.4740914,-0.0811228
,All Saints Church,6,"Open Tuesday morning and Wednesday and Saturday evening. Tuesday: community cafe at All Saints Church, 9.15am to 11.15am",SE15 4QS,"Blenheim Grove, Peckham, SE15 4QS",51.4691577,-0.0703583
,Somali Integration & Development Association (SIDA),4,Open Wednesdays from 10am to 12 noon (free Wi-Fi and refreshments provided). Open Thursdays from 12 noon to 2pm for a sewing class and coffee.,SE5 7HN,"Unit 50, Camberwell Business Centre, 99- 103 Lomond Grove, SE5 7HN",51.4769996,-0.091254
,St Luke's Community Cafe,4,Open Wednesdays from 10am to 2pm,SE15 6DT,"St Luke's Church Hall, Chandler Way, London, SE15 6DT",51.4773047,-0.078007
,Together at Pecan,4,"Every Monday and Tuesday, 1pm to 3pm.",SE15 5SE,"121a Peckham High Street, SE15 5SE",51.4741165,-0.0684067
,Acorn Tenants and Residents Association (TRA),3,Tuesdays 11am to 2pm,SE15 2TU,"95b Meeting House Ln, London SE15 2TU",51.4756656,-0.0630995
,Link Age Southwark,2,Open every Friday 1pm to 3pm.,SE22 8RH,"United Reformed Church, Tell Grove, SE22 8RH",51.4588781,-0.0779606
,Christ Church,2,Wednesday from 10am to 12 noon.,SE22 0JT,"Christ Church, 263 Barry Road, Dulwich, SE22 0JT",51.4496105,-0.0732695
,Lordship Lane Church,4,"Tuesday: coffee morning 10am to 12 noon. Thursday: over-60s lunch club that provides healthy, nourishing, and sustainable food. The food provided is culturally appropriate for Black Afro-Caribbean visitors. 12 noon to 2pm",SE22 8JG,"287, Lordship Lane, East Dulwich, SE22 8JG",51.4529882,-0.0768839
,Daffodil Cafe,2,Monday: 11am to 1pm,SE15 3QQ,"Nunhead Community Centre, 5 Nunhead Green, SE15 3QQ",51.4650232,-0.0595911
,Ivy Club (Green Nunhead),4.5,Thursday: 10am to 2.30pm,SE15 3QQ,"5 Nunhead Green, Nunhead, SE15 3QQ",51.4650232,-0.0595911
,Dulwich Library,66,Weekly Film Club: Mondays 1pm. Library opening times: Monday: 9am to 8pm. Tuesday: 10am to 8pm. Wednesday: 9am to 8pm. Thursday: 9am to 8pm. Friday: 9am to 8pm. Saturday: 9am to 5pm. Sunday: 12pm to 4pm,SE22 8NB,"368 Lordship Lane, SE22 8NB",51.4488048,-0.0745843
,Grove Vale Library,48,Weekly tea/coffee sessions: Fridays 11am. Library opening times: Monday: 10am to 7pm. Tuesday: 10am to 7pm. Wednesday: closed. Thursday: 10am to 7pm. Friday: 10am to 3pm. Saturday: 10am to 5pm. Sunday: closed  ,SE22 8EF,"18-22 Grove Vale, London SE22 8EF",51.4614663,-0.0800545
,Nunhead Library,32,Weekly tea/coffee sessions: Wednesdays 11am. Library opening times: Monday: 2pm to 7pm. Tuesday: 2pm to 7pm. Wednesday: 10am to 3pm. Thursday: 2pm to 7pm. Friday: 10am to 3pm. Saturday: 10am to 5pm. Sunday: closed,SE15 3RB,"88-138 Gordon Rd, SE15 3RB",51.4659718,-0.0598532
,Kingswood Tenants and Residents Association (TRA),3,Every Wednesday from 11am to 2pm,SE21 8QW,"Tefler House, Seeley Drive SE21 8QW",51.4291231,-0.0819141
,Walworth Living Room (Pembroke House),10,Thursday and Friday: 10am to 3pm.,SE17 2JU,"Walworth Living Room, All Saints Hall, Surrey Square, SE17 2JU",51.4896727,-0.080944
,Draper Hall,5,Wednesday: 10am to 3pm,SE17 3AN,"Draper Hall, Hampton Street, SE17 3AN",51.4915663,-0.1011471
,Mental Fight Club,87.5,,SE17 3AN,"Draper Hall, Hampton Street, SE17 3AN",51.4915663,-0.1011471
,British Legion,6,Monday and Thursday: 10am to 4pm,SE17 3RD,"34 Gaza St, SE17 3RD",51.4876671,-0.1041467
,Golden Oldies,5,Tuesday: 10am to 3pm,SE5 0EN,"Walworth Methodist Church Hall, 54 Camberwell Road, SE5 0EN",51.4835026,-0.0946552
,Southwark Heritage Centre and Walworth Library,61,Weekly tea/coffee sessions: Monday at 11am. Library opening times: Monday: 10am to 8pm. Tuesday: 10am to 8pm. Wednesday: 10am to 8pm. Thursday: 10am to 8pm. Friday: 10am to 8pm. Saturday: 10am to 5pm. Sunday: 12pm to 4pm,SE17 1RW,"147 Walworth Rd, SE17 1RW",51.491672,-0.0972669
,Brandon Library,27,Weekly tea/coffee sessions: Thursday 2pm. Library opening times: Monday: 2pm to 7pm. Tuesday: 2pm to 7pm. Wednesday: closed. Thursday: 2pm to 7pm. Friday: 10am to 3pm. Saturday: 10am to 5pm. Sunday: closed .,SE17 3NH,"Maddock Way, SE17 3NH",51.4826676,-0.1030578
,Brandon 3 Tenants and Residents Association (TRA),9,Fridays from 12 noon to 9pm,SE5 0TB,"9 Grimsel Path, SE5 0TB",51.4792324,-0.1030564
Richmond,Mortlake Community Association,6,Wednesday and Thursday 12 noon to 3pm,SW14 8EZ,"Mortlake Hall, 30 Mullins Path, Mortlake, SW14 8EZ",51.4686922,-0.2631664
,OSO Arts Centre,58,Monday to Friday 9am to 6pm. Saturday 9am to 4pm. Sunday 10am to 4pm,SW13 0LF,"Community Hall, 49 Station Road, Barnes, SW13 0LF",51.4722803,-0.2468601
,Sheen Lane Centre,1.5,Wednesday 10.30am to 12 noon,SW14 8LP,"74 Sheen Lane, East Sheen, SW14 8LP",51.4658483,-0.2672623
,St Mary's Church,2,Thursday 10am to 12 noon,SW13 9HL,"Church Road, Barnes, London, SW13 9HL",51.4750026,-0.2418886
,All Saints Parish Church,4.5,Wednesday: 12 noon to 3pm. First Thursday of the month: 10.30am to 12 noon. Third Thursday of the month: 2.30 to 4pm,TW12 3RG,"The Avenue, Hampton, TW12 3RG",51.4246163,-0.3770892
,Hampton Inspired Hub,56,"Monday to Sunday, 9am to 5pm",TW12 2JA,"The Bungalow, 3 Ashley Road, Hampton, TW12 2JA",51.4163686,-0.3711398
,St James's Church,9,"Mondays, Wednesday and Thursdays 12.30 to 3.30pm",TW12 1DQ,"St James's Road, Hampton Hill, TW12 1DQ",51.428807,-0.3628865
,Cambrian Community Centre,2,Tuesday 2 to 4pm,TW10 6SN,"Caplan Court, 1 Grove Road, Richmond, TW10 6SN",51.4538429,-0.2935956
,Museum of Richmond,29,Tuesday to Friday 11am to 5pm. Saturday 11am to 4pm,TW9 1TP,"Second Floor, Old Town Hall, Whittaker Avenue, Richmond, TW9 1TP",51.4589134,-0.3063738
,Vineyard Community Centre,12.5,"Monday to Friday, 1 to 3.30pm",TW10 6AQ,"The Vineyard, Richmond, TW10 6AQ",51.4578111,-0.302444
,Peter & Paul Centre,3,Monday 1.30 to 4.30pm (Run by the Teddington Community Cafe),TW11 8PB,"Bychurch End, Church Road, Teddington, TW11 8PB",51.4270192,-0.3368137
,St Mark's Church,2,Wednesday 10am to 12 noon,TW11 9DE,"17 St Mark's Road, Teddington, TW11 9DE",51.4205578,-0.3207097
,St Michael's Church,2,Wednesday 2 to 4pm,TW11 0SP,"Wilcox Road, Teddington, TW11 0SP",51.433354,-0.3479203
,Teddington Baptist Church,3,Wednesday 9.30am to 12.30pm,TW11 8PF,"17 Church Road, Teddington, TW11 8PF",51.4269465,-0.3373917
,Teddington Methodist Church,2,Saturday 10.30am to 12.30pm,TW11 8TP,"Stanley Road, Teddington, TW11 8TP",51.4282019,-0.3422227
,Teddington Salvation Army,3,Thursday 4 to 7pm,TW11 8PF,"27 Church Road, Teddington, TW11 8PF",51.4269465,-0.3373917
,ETNA Community Centre,7.5,"Monday, Wednesday and Friday 3 to 5.30pm",TW1 2AR,"13 Rosslyn Road, Twickenham, TW1 2AR",51.4549994,-0.3151138
,The Turk's Head,75,Monday to Saturday 12 noon to 11pm. Sunday 12 noon to 9pm,TW1 1LF,"28 Winchester Road, Twickenham, TW1 1LF",51.4560746,-0.3229907
,Twickenham Congregational Church,3,Friday 12 noon to 3pm,TW2 5QA,"First Cross Road, Twickenham, TW2 5QA",51.4434452,-0.3442177
,Homelink Day Respite Centre,3,Wednesday 12 noon to 3pm,TW2 6DE,"Hospital Bridge Road, Whitton, TW2 6DE",51.4431854,-0.3647898
,Whitton Community Centre,23,Thursday 10am to 5pm. Friday 1 to 9pm. Saturday 3 to 8pm. Sunday 1 to 6pm,TW2 6JL,"Percy Road, Whitton, TW2 6JL",51.4449596,-0.3617621
Redbridge,Aldersbrook Library,29,,E12 5HQ,"Aldersbrook Library, 2a Park Road, London, E12 5HQ",51.5640205,0.0329509
,Clayhall Library,30,,IG5 0LQ,"CLAYHALL LIBRARY, 1 CLAYBURY BROADWAY, CLAYHALL, ILFORD, IG5 0LQ",51.5901111,0.0498371
,Fullwell Cross Library,53,,IG6 2EA,"FULLWELL CROSS LIBRARY, 140 HIGH STREET, BARKINGSIDE, ILFORD, IG6 2EA",51.5926798,0.0847329
,Gants Hill Library,57,,IG2 6LA,"GANTS HILL LIBRARY, 490 CRANBROOK ROAD, ILFORD, IG2 6LA",51.5776343,0.0700444
,Goodmayes Library,39,,IG3 9QB,"GOODMAYES LIBRARY, 76 GOODMAYES LANE, Goodmayes, ILFORD, IG3 9QB",51.5594054,0.1089631
,Hainault Library,39,,IG7 4DD,"HAINAULT LIBRARY, 100 MANFORD WAY, CHIGWELL, IG7 4DD",51.6080439,0.1041254
,Keith Axon Library,63,,RM6 4XB,"CHADWELL HEATH LIBRARY, KEITH AXON CENTRE, 160 GROVE ROAD, Chadwell Heath, ROMFORD, RM6 4XB",51.5751844,0.1216144
,Seven Kings Library,40,,IG3 8RQ,"SEVEN KINGS LIBRARY, 679 HIGH ROAD, Seven Kings, ILFORD, IG3 8RQ",51.564758,0.0998321
,South Woodford Library,100,,E18 2QS,"SOUTH WOODFORD LIBRARY, 116 HIGH ROAD, South Woodford, LONDON, E18 2QS",51.5974699,0.0222
,Wanstead Library,47,,E11 2RQ,"WANSTEAD LIBRARY, SPRATT HALL ROAD, Wanstead, LONDON, E11 2RQ",51.5764086,0.0238051
,Woodford Green Library,100,,IG8 0DX,"WOODFORD GREEN LIBRARY, SNAKES LANE EAST, WOODFORD GREEN, IG8 0DX",51.6075915,0.0323261
,St Paul's Church,2,,IG7 4NZ,"St Paul's Church, Arrowsmith Road, Chigwell, Essex, IG7 4NZ",51.6107866,0.1111417
,VHP Ilford Hindu Centre and Mandir,38.5,,IG1 1EE,"VHP ILFORD HINDU CENTRE, 43 CLEVELAND ROAD, ILFORD, IG1 1EE",51.5568221,0.0742927
,Vine United Reformed Church,9,,IG1 1JH,"THE VINE UNITED REFORMED CHURCH, RICHES ROAD, ILFORD, IG1 1JH",51.5594452,0.0780044
,Holy Trinity South Woodford,3,,E18 1QQ,"HOLY TRINITY CHURCH, HERMON HILL, LONDON, E18 1QQ",51.5883525,0.0289121
,St Mary's Church Woodford,9.5,,E18 2PA,"ST MARYS CHURCH, HIGH ROAD, SOUTH WOODFORD, E18 2PA",51.5966951,0.0212415
Newham,Beckton Globe Library,84,"Wed,10:00 to 20:00 Thur, 10:00 to 20:00 Fri, 10:00 to 20:00 Sat, 10:00 to 20:00 Sun, 24h Mon,  (Spring Bank Holiday), 10:00 to 20:00, Tue, 10:00 to 20:00",E6 5JQ,"1 Kingsford Way, London E6 5JQ",51.5150332,0.0553718
,Canning Town Library,72,Mon to Sat 8:00 to 20:00,E16 1EH,"18, Rathbone Market, London E16 1EH",51.5164075,0.0112887
,Custom House Library,23,Thur 10:00 to 18: 00 Fri 10:00 to 18:00 Mo: 10:00 to 18:00 Tue 10:00 to 18:00,E16 3JJ,"Prince Regent Ln, London E16 3JJ",51.5146046,0.031456
,East Ham Library,73,Mon to Sat 9:00 to 20:00 Sun 9:00 to 16: 00,E6 2RT,"328 Barking Rd, London E6 2RT",51.5334497,0.0589985
,The Gate Library,66,Mon to Sat 9:00 to 20:00,E7 0QH,"Woodgrange Rd, London E7 0QH",51.5485963,0.0252533
,Green Street Library,60,Mon to Sat 10:00 to 20:00,E13 9AR,"337-341 Green St, London E13 9AR",51.5364996,0.0352138
,Manor Park Library,60,Mon to Sat 10:00 to 20:00,E12 5BS,"685-693 Romford Rd, London E12 5BS",51.5513147,0.0468664
,North Woolwich Library,51,Mon to Sat 9:00 to 17:30,E16 2LJ,"5 Pier Rd, London E16 2LJ",51.5009397,0.0626478
,Plaistow Library,48,Mon to Sat 9:30 to 17:30,E13 9HN,"North St, London E13 9HN",51.5297142,0.0251072
,Stratford Library,70,Mon to Sat 9:00 to 20:00 Sun 12:00 to 16: 00,E15 1EL,"3 The Grove, London E15 1EL",51.5430366,0.004441
,Trinity Centre,77,Mon to Sun 9:00 to 20:00,E12 6SG,"Trinity Centre, East Ave, London E12 6SG",51.5406906,0.0532541
,Katherine Road Community Centre,40,Mon to Fri 9:00 to 17:00,E7 8PW,"254 Katherine Rd, London E7 8PW",51.5394212,0.0409682
,Woodman Community Centre,67,,E16 2NF,"32A Woodman St, London E16 2NF",51.5013921,0.0670917
,Jack Cornwell Community Centre,98,Mon to Sun 9:00 to 23:00,E12 5NN,"Jack Cornwell St, London E12 5NN",51.5514686,0.0642549
,Forest Lane Lodge,98,Mon to Sun 9:00 to 23:00,E7 9DE,"Magpie Cl, London E7 9DE",51.5497427,0.0166499
Merton,Colliers Wood Library,56,,SW19 2HR,"105-109 High Street Colliers Wood, London SW19 2HR",51.4186252,-0.1774922
,Mitcham Library,66.5,Mon to Sat 9:00 to 17:30,CR4 2YR,"157 London Rd, Mitcham CR4 2YR",51.4086155,-0.1624616
,Morden Library,57,,SM4 5DX,"Merton Civic Centre, London Rd, Morden SM4 5DX",51.4013667,-0.1961493
,Pollards Hill Library,57,,CR4 1LT,"S Lodge Ave, Mitcham CR4 1LT",51.3999719,-0.1310793
,Raynes Park Library,45.5,,SW20 8BA,"21 Approach Rd, Raynes Park, London SW20 8BA",51.4089402,-0.2285205
,West Barnes Library,53,,KT3 6JF,"Station Rd, New Malden KT3 6JF",51.3948874,-0.2382344
,Wimbledon Library,54,,SW19 7NB,"Wimbledon Reference Library, 35 Wimbledon Hill Rd, London SW19 7NB",51.4224405,-0.207977
Lewisham,Blackheath Village community library service,21,,SE3 9LA,"The Reminiscence Centre, 11 Blackheath Village, Blackheath, London, SE3 9LA",51.4656134,0.0094686
,Catford Library,64,,SE6 4JU,"23-24 Winslade Way, Catford Centre, SE6 4JU",51.4458677,-0.0207992
,Crofton Park Library,40,,SE4 2AG,"Crofton Park Library, Brockley Road, Crofton Park, London, SE4 2AG",51.4558272,-0.0360437
,The Library at Deptford Lounge,58,,SE8 4RH,"Library, Deptford Lounge, 9 Giffin St, London, SE8 4RH",51.4774282,-0.0248336
,Downham Library,58,,BR1 5EP,"Downham Library, 7? Moorside Road, Bromley, BR1 5EP",51.4268487,0.0098101
,Forest Hill Library,62,,SE23 3HZ,"Forest Hill Library, Dartmouth Road, London, SE23 3HZ",51.435309,-0.0567357
,Grove Park Library,29,,SE12 0BX,"Grove Park Library, Somertrees Avenue, Grove Park, London, SE12 0BX",51.4357823,0.0226621
,Lewisham Library,58,,SE13 6LG,"Lewisham Library, 199-201 Lewisham High St, London, SE13 6LG",51.4592745,-0.0116829
,Manor House Library,46,, SE13 5SY,"Manor House Library, 34 Old Road, London, SE13 5SY",51.4573175,0.0044835
,New Cross Library,16,,SE14 6AS,"New Cross Library, 283 285 New Cross Road, London, SE14 6AS",51.4756293,-0.0382029
,Sydenham Library,20,,SE26 5SE,"Sydenham Library, Sydenham Road, London, SE26 5SE",51.4264312,-0.0414904
,Corbett Community Library,29.5,,SE6 1RQ,"Torridon Road, London, SE6 1RQ",51.4436576,-0.001842
Lambeth,Brixton Tate Library,59,,SW2 1JQ,"Chaplin House, London SW2 1JQ",51.4611031,-0.1147489
,Carnegie Library,42,,SE24 0DG,"192 Herne Hill Road, SE24 0DG",51.4605902,-0.0965
,Clapham Library,55,,SW4 7DB,"Mary Seacole Centre, 91 Clapham High Street, SW4 7DB",51.4628674,-0.133535
,Durning Library,39,,SE11 4HF,"167 Kennington Lane, SE11 4HF",51.488919,-0.1102477
,Minet Library,47,,SE5 9QY,"52 Knatchbull Road, SE5 9QY",51.4712187,-0.1046415
,Streatham Library,56,,SW16 1PN,"63 Streatham High Road,SW16 1PN",51.4318449,-0.1290164
,Tate South Lambeth Library,39,,SW8 1QP,"180 South Lambeth Road, SW8 1QP",51.4792004,-0.1239828
,Upper Norwood Library,42,,SE19 1TQ,"39 Westow Hill, SE19 1TQ",51.4198821,-0.0821284
,Waterloo Library,34,,SE1 7QP,"1 Kennington Road, SE1 7QP",51.4981887,-0.1118193
,West Norwood Library,55,,SE27 9JX,"1-5 Norwood High Street, SE27 9JX",51.4282887,-0.102429
,Oasis Waterloo,3,,SE1 7QP,"1 Kennington Road, London SE1 7QP",51.4981887,-0.1118193
,West London Mission,48,,SE11 4NT,"25A Wincott Street,Kennington, London SE11 4NT",51.4920928,-0.1097973
,Ashmole Estate Tenants' Hall,11,,SW8 1PL,"113 Claylands Rd, London SW8 1PL",51.4822032,-0.1172058
Kingston,Kingston Library,41,,KT1 2PS,"Fairfield Rd, Kingston upon Thames KT1 2PS",51.4094091,-0.3002542
,Kingston URC Church,45,,KT1 1HZ,Eden Street KT1 1HZ,51.4092062,-0.3048774
,CLICK Cafe,20,,KT1 2TW,"13 Geneva Road, KT1 2TW",51.4016758,-0.2990314
,Tudor Drive Library,32,,KT2 5QH,"192 Tudor Drive, KT2 5QH",51.4259443,-0.2964043
,Kingsnympton Youth & Community Centre,17,,KT2 7RW,Kingsnympton Park KT2 7RW,51.4209139,-0.2795335
,Surbiton Assembly Rooms,45,,KT1 2JT,"13 to 15 Surbiton Crescent, KT1 2JT",51.3994532,-0.3045192
,Surbiton Library,39,,KT6 6AG,Ewell Road KT6 6AG,51.3927966,-0.2981677
,The cornerHOUSE Arts Centre,36,,KT6 7SB,"116 Douglas Road, Surbiton, KT6 7SB",51.3808847,-0.2940542
,Tolworth Community Library,40,,KT6 7DJ,"The Broadway, Surbiton, KT6 7DJ",51.3813014,-0.2825712
,Sunray Community Centre,3,,KT5 9QP,"Knollmead, Worcester Park, Tolworth, KT5 9QP",51.3787435,-0.2737291
,Dickerage Sports & Community Centre,60,,KT3 3EQ,"Dickerage Road, New Malden KT3 3EQ",51.4079225,-0.2736082
,New Malden Library,41,,KT3 3LY,"Kingston Rd,, New Malden, KT3 3LY",51.3992013,-0.2609408
,Square 1 Cafe New Malden,4,,KT3 3PE,"Kingston Environment Centre, 1 Kingston Road, New Malden KT3 3PE",51.3993148,-0.2588951
,Old Malden Library,28,,KT4 7RD,"Church Rd, Worcester Park, KT4 7RD",51.3844261,-0.2548614
,New Malden Baptist Church,1.5,,KT3 5BE,"1A Westbury Rd, New Malden KT3 5BE",51.3999481,-0.2646071
,New Malden Methodist Church,31,,KT3 4BY,"49 High St, New Malden KT3 4BY",51.4025467,-0.2567164
,"St James Parish Church, New Malden",1,,KT3 5QE,"Bodley Rd, New Malden KT3 5QE",51.3951455,-0.2579034
,Saint Joseph's Roman Catholic Church,19.5,,KT3 3QW,"1 Montem Rd, New Malden KT3 3QW",51.4004441,-0.26167
,"St Mary's Centre, Chessington",18,,KT9 2DR,"Church Lane, KT9 2DR",51.3583525,-0.2992146
,Square 1 Cafe Chessington,4,,KT9 2JS,"Chessington Sports Centre, Garrison Lane, Chessington KT9 2JS",51.3567898,-0.3092976
,The Hook Centre,84,,KT9 1AE,"9 Green End, Chessington KT9 1AE",51.3684118,-0.3058096
Kensington and Chelsea,Dalgarno Trust,40,,W10 5QB,"1 Webb Close London, W10 5QB",51.524513,-0.225048
,Early help - family hubs,12,,W10 5PE,"Holmfield House Children Centre, Golborne Road, W10 5PE",51.5240214,-0.2063272
,Kensal Library,12.5,,W10 5PF,"The Lodge, 20 Golborne Rd, London W10 5PF",51.5237527,-0.2069864
,Venture Community Centre,49,,W10 5YB,"103A Wornington Road, W10 5YB",51.522729,-0.210025
,St Helens Church,3,,W10 6LP,"St Helen's Gardens, North Kensington, London W10 6LP",51.5187283,-0.2183543
,Latymer Christian Church in Partnership with The Space,6,,W10 6SU,"116 Bramley Road, W10 6SU",51.5155385,-0.2173402
,Bay 20,10,,W10 6JG,"71 St Marks Road, W10 6JG",51.5162128,-0.2143737
,North Kensington Library,53,,W11 1PZ,"108 Ladbroke Grove, London W11 1PZ",51.5166649,-0.209225
,Salvation Army Church,3,,W11 1LU,"205 Portobello Road, W11 1LU",51.5163119,-0.2055491
,The Tabernacle,96,,W11 2AY,"35 Powis Square, W11 2AY",51.5167006,-0.2015703
,Baseline Studios,45,,W11 4AT,"9 Whitchurch Road, North Kensington, W11 4AT",51.5124681,-0.2158892
,Kensington Leisure Centre,101,,W11 4HE,"Silchester Rd, London W11 4HE",51.5143111,-0.2140877
,Notting Hill Methodist Church,33,,W11 4AH,"240 Lancaster Rd, London W11 4AH",51.515094,-0.2141292
,Henry Dickens Community Centre,13.5,,W11 4DH,"104 St Ann's Road, London W11 4DH",51.5100091,-0.215625
,Nourish Caf,0.5,,W11 4SS,"Unit A, Nourish Hub, Swanscombe House, 1 St Ann's Rd, London W11 4SS",51.5080686,-0.215744
,Notting Hill Gate Library,36.5,,W2 4EW,"1 Pembridge Square, London W2 4EW",51.5112381,-0.1972026
,Kensington Central Library,53,,W8 7RX,"12 Phillimore Walk, London W8 7RX",51.5014118,-0.194435
,St Mary Abbots Church,25.5,,W8 4LA,"Kensington Church Street, London, W8 4LA",51.502491,-0.191525
,St Cuthberts Centre,10,,SW5 9EB,"51 Philbeach Gardens, London SW5 9EB",51.4906985,-0.2000728
,Brompton Library,58.5,,SW5 0BS,"210 Old Brompton Rd, London SW5 0BS",51.4901617,-0.188424
,HTB Queen's Gate,7.5,,SW7 5LP,"117, HTB Queen's Gate, SW7 5LP",51.493038,-0.178041
,Chelsea Library,58.5,,SW3 5EZ,"Chelsea Old Town Hall, King's Rd, London SW3 5EZ",51.4874709,-0.1681802
,SMART,38,,SW10 0JN,"The Basement, 15 Gertrude Street, London, SW10 0JN",51.4835945,-0.1808514
,Chelsea Theatre,51,,SW10 0DR,"7 Worlds End Place, Chelsea, SW10 0DR",51.4816427,-0.1796617
Islington,The Peel Centre,34,,EC1R 0HU,"3 Corners Learning Centre, Northampton Road, London",51.5255694,-0.1074021
,Brunswick Estate Community Centre,40,,EC1V 0HP,"Ground Floor, Mulberry Court, Tompion Street, London",51.5266747,-0.1017916
,Museum Of The Order Of Saint John,1.5,,EC1V 4JJ,"St John's Gate, St John's Lane, Clerkenwell, London",51.5231691,-0.1035519
,Finsbury Library,54,,EC1V 4NB,"245 St. John Street, London",51.5264856,-0.104553
,St Luke's Community Centre,50,,EC1V 8AJ,"90, Central Street, London",51.5274013,-0.0966867
,St Clement's Church,9,,EC1V 8DA,King Square,51.5277847,-0.0975934
,Wesley's Chapel and Leysian Mission,30,,EC1Y 1AU,"49, City Road",51.523837,-0.0870905
,London Irish Centre,10,,NW1 9XB,"50-52 Camden Square, London",51.5437547,-0.1322462
,West Library,36,,N1 1BD,"Bridgeman Road , London",51.5407431,-0.11655
,South Library,36,,N1 2SL,"115-117 Essex Rd, London",51.5389477,-0.0989016
,St Mary's Church,2.5,,N1 2TX,Upper Sreet,51.5384045,-0.1020102
,Our Lady & St Joseph's Catholic Church,6,,N1 4AG,"Presbytery 100a, Balls Pond Road, London",51.5466453,-0.0823264
,Mildmay Library,30.5,,N1 4NA,"21-23 Mildmay Park , London",51.5481099,-0.0844571
,Saint Jude and Saint Paul's Church,3,,N1 4PL,"113, Mildmay Grove North, London",51.5489555,-0.0817244
,The Arc Centre,32.5,,N1 7DF,"98B, St Paul Street",51.5361325,-0.0955439
,Chabad Islington Jewish Community Centre,48,,N1 8HX,"Chabad Islington Jewish Community Centre and Art Gallery, 1-3 Elliott's Place",51.5365588,-0.1007603
,King's Cross Church,5.5,,N1 9JY,"242 Pentonville Rd, London N1 9JY",51.5311622,-0.1202327
,Claremont Project,40,,N1 9PD,"24-27, White Lion Street",51.5326257,-0.1077871
,N4 Library,47,,N4 2DW,"26 Blackstock Road , London",51.5636269,-0.1030233
,The UCKG HelpCentre,91,,N4 3NX,"UCKG, Rainbow Theatre, 232 Seven Sisters Rd, Finsbury Park, London",51.5623875,-0.1092499
,Hanley Crouch Community Association,4,,N4 4BY,"42 Crouch Hill, London",51.5721696,-0.1186569
,Elizabeth House Community Centre,16.5,,N5 1ED,"Elizabeth House, 2 Hurlock Street, London",51.5597059,-0.0991181
,Central Library,58,,N5 1PF,"2, Fieldway Crescent, Islington, London",51.5492337,-0.1071558
,Highbury Baptist Church,4,,N5 1QL,"Highbury Baptist Church, 40a, Highbury Place, London",51.5504839,-0.1004978
,Christ Church Highbury,4,,N5 1SA,"155 Highbury Grove, Islington, London",51.5522246,-0.0985933
,Sotheby Mews Day Centre,15,,N5 2UT,"2 Sotheby Mews, Sotheby Road",51.5571211,-0.0938882
,Hilldrop Community Centre,6.5,,N7 0JE,"Community Lane, Hilldrop Road, London",51.552414,-0.1293961
,Cat and Mouse Library,28.5,,N7 0JN,"Cat and Mouse Library , 277 Camden Road, London",51.5527141,-0.1250997
,Saint George and All Saints Church,4.5,,N7 0ND,"Crayford Road, Tufnell Park, London",51.5562696,-0.1253141
,North Library,30.5,,N7 6JX,"Manor Gardens, London",51.5603435,-0.1219583
,Manor Gardens Centre,25,,N7 6LA,"Manor Gardens Centre, 6-9 Manor Gardens, London",51.5611064,-0.1207438
,Old Fire Station Community Centre,7,,N7 6QT,"84, Mayton Street",51.5587349,-0.1169753
,Andover Estate Community Centre,45,,N7 7RY,"55 Corker Walk, Finsbury Park, London N7 7RY",51.5634089,-0.1127834
,Light Project Pro International,44.5,,N7 8DE,"The Exchange, Watkinson Road, London",51.5484703,-0.1161587
,Goodinge Community Centre,4,,N7 9EW,"2 Goodinge Rd, Market Estate, 20 North Road, London",51.5482503,-0.1254419
,Mildmay Community Centre,15,,N16 8NA,Woodville Road,51.5508178,-0.0812278
,Hornsey Rise,25,,N19 3AD,"Ashley Road, Upper Holloway",51.5711287,-0.1232887
,Caxton House Community Centre,8,,N19 3RQ,"Main Office, Caxton House Community Centre, 129 St John's Way, London",51.56998,-0.1290647
,St Andrew's Church,2.5,,N19 3TN,Whitehall Park (corner with Gladsmuir Rd),51.5705055,-0.1349595
,Hornsey Lane Estate Community Association,46,,N19 3YJ,"Hornsey Lane Estate Community Centre, Hazellville Road, London",51.5727636,-0.1321974
,Whittington Park Community Centre,12,,N19 4RS,"Whittington Park Community Association, Yerbury Road, London",51.5611314,-0.1296299
,Archway Library,36,,N19 5PH,"Hamlyn House, Highgate Hill, London",51.5656782,-0.1356332
,Hargrave Hall Community Centre,3.5,,N19 5SP,"Hargrave Road, London, London",51.5638233,-0.1337757
Hounslow,Beavers library,34,,TW4 7NW,"The Hub, 103 Salisbury Road, Hounslow",51.4694518,-0.396678
,Bedfont library,34.5,,TW14 8DB,"Staines Road, Bedfont, TW14 8DB",51.4520557,-0.4342325
,Brentford library,37,,TW8 8DW,"11F Boston Manor Road, Hounslow, TW8 8DW",51.4867629,-0.3084123
,Chiswick library,53,,W4 2AB,"1 Duke's Avenue, Chiswick, W4 2AB",51.4916914,-0.2611112
,Cranford library,34.5,,TW5 9TL,"Bath Road, Hounslow, TW5 9TL",51.4780009,-0.4057242
,Feltham library,55.5,,TW13 4GU,"210 The Centre, High Street, Feltham, TW13 4GU",51.4463669,-0.4110857
,Hanworth library,37,,TW13 5EG,"Hanworth Air Park Leisure Centre & Library, Uxbridge Road, Hanworth, TW13 5EG",51.4412853,-0.3905852
,Heston library,53,,TW5 0LW,"New Heston Road, Heston, TW5 0LW",51.4858763,-0.3754481
,Hounslow library,57.5,,TW3 3EB,"First Floor, Hounslow House, 7 Bath Road, Hounslow, TW3 3EB",51.4681679,-0.3674963
,Isleworth library,42.5,,TW7 7EU,"Isleworth Leisure Centre & Library, Twickenham Road, Isleworth, TW7 7EU",51.4666489,-0.330507
,Osterley library,37,,TW7 4NB,"11 St Mary's Crescent, Isleworth, TW7 4NB",51.4823597,-0.3464524
